website:
  sidebar:
    contents:
      - about.qmd
      - text: "---"
      - "territorial_units/000000.qmd"
      - section: "Województwa"
        contents:
         - text: "dolnośląskie"
           href: "territorial_units/woj/020000.qmd"
           contents:
           - text: "Powiat bolesławiecki"
             href: "territorial_units/woj/020000/020100.qmd"
           - text: "Powiat dzierżoniowski"
             href: "territorial_units/woj/020000/020200.qmd"
           - text: "Powiat głogowski"
             href: "territorial_units/woj/020000/020300.qmd"
           - text: "Powiat górowski"
             href: "territorial_units/woj/020000/020400.qmd"
           - text: "Powiat jaworski"
             href: "territorial_units/woj/020000/020500.qmd"
           - text: "Powiat karkonoski"
             href: "territorial_units/woj/020000/020600.qmd"
           - text: "Powiat kamiennogórski"
             href: "territorial_units/woj/020000/020700.qmd"
           - text: "Powiat kłodzki"
             href: "territorial_units/woj/020000/020800.qmd"
           - text: "Powiat legnicki"
             href: "territorial_units/woj/020000/020900.qmd"
           - text: "Powiat lubański"
             href: "territorial_units/woj/020000/021000.qmd"
           - text: "Powiat lubiński"
             href: "territorial_units/woj/020000/021100.qmd"
           - text: "Powiat lwówecki"
             href: "territorial_units/woj/020000/021200.qmd"
           - text: "Powiat milicki"
             href: "territorial_units/woj/020000/021300.qmd"
           - text: "Powiat oleśnicki"
             href: "territorial_units/woj/020000/021400.qmd"
           - text: "Powiat oławski"
             href: "territorial_units/woj/020000/021500.qmd"
           - text: "Powiat polkowicki"
             href: "territorial_units/woj/020000/021600.qmd"
           - text: "Powiat strzeliński"
             href: "territorial_units/woj/020000/021700.qmd"
           - text: "Powiat średzki"
             href: "territorial_units/woj/020000/021800.qmd"
           - text: "Powiat świdnicki"
             href: "territorial_units/woj/020000/021900.qmd"
           - text: "Powiat trzebnicki"
             href: "territorial_units/woj/020000/022000.qmd"
           - text: "Powiat wałbrzyski"
             href: "territorial_units/woj/020000/022100.qmd"
           - text: "Powiat wołowski"
             href: "territorial_units/woj/020000/022200.qmd"
           - text: "Powiat wrocławski"
             href: "territorial_units/woj/020000/022300.qmd"
           - text: "Powiat ząbkowicki"
             href: "territorial_units/woj/020000/022400.qmd"
           - text: "Powiat zgorzelecki"
             href: "territorial_units/woj/020000/022500.qmd"
           - text: "Powiat złotoryjski"
             href: "territorial_units/woj/020000/022600.qmd"
           - text: "Jelenia Góra"
             href: "territorial_units/woj/020000/026100.qmd"
           - text: "Legnica"
             href: "territorial_units/woj/020000/026200.qmd"
           - text: "Wrocław"
             href: "territorial_units/woj/020000/026400.qmd"
           - text: "Wałbrzych"
             href: "territorial_units/woj/020000/026500.qmd"
         - text: "kujawsko-pomorskie"
           href: "territorial_units/woj/040000.qmd"
           contents:
           - text: "Powiat aleksandrowski"
             href: "territorial_units/woj/040000/040100.qmd"
           - text: "Powiat brodnicki"
             href: "territorial_units/woj/040000/040200.qmd"
           - text: "Powiat bydgoski"
             href: "territorial_units/woj/040000/040300.qmd"
           - text: "Powiat chełmiński"
             href: "territorial_units/woj/040000/040400.qmd"
           - text: "Powiat golubsko-dobrzyński"
             href: "territorial_units/woj/040000/040500.qmd"
           - text: "Powiat grudziądzki"
             href: "territorial_units/woj/040000/040600.qmd"
           - text: "Powiat inowrocławski"
             href: "territorial_units/woj/040000/040700.qmd"
           - text: "Powiat lipnowski"
             href: "territorial_units/woj/040000/040800.qmd"
           - text: "Powiat mogileński"
             href: "territorial_units/woj/040000/040900.qmd"
           - text: "Powiat nakielski"
             href: "territorial_units/woj/040000/041000.qmd"
           - text: "Powiat radziejowski"
             href: "territorial_units/woj/040000/041100.qmd"
           - text: "Powiat rypiński"
             href: "territorial_units/woj/040000/041200.qmd"
           - text: "Powiat sępoleński"
             href: "territorial_units/woj/040000/041300.qmd"
           - text: "Powiat świecki"
             href: "territorial_units/woj/040000/041400.qmd"
           - text: "Powiat toruński"
             href: "territorial_units/woj/040000/041500.qmd"
           - text: "Powiat tucholski"
             href: "territorial_units/woj/040000/041600.qmd"
           - text: "Powiat wąbrzeski"
             href: "territorial_units/woj/040000/041700.qmd"
           - text: "Powiat włocławski"
             href: "territorial_units/woj/040000/041800.qmd"
           - text: "Powiat żniński"
             href: "territorial_units/woj/040000/041900.qmd"
           - text: "Bydgoszcz"
             href: "territorial_units/woj/040000/046100.qmd"
           - text: "Grudziądz"
             href: "territorial_units/woj/040000/046200.qmd"
           - text: "Toruń"
             href: "territorial_units/woj/040000/046300.qmd"
           - text: "Włocławek"
             href: "territorial_units/woj/040000/046400.qmd"
         - text: "lubelskie"
           href: "territorial_units/woj/060000.qmd"
           contents:
           - text: "Powiat bialski"
             href: "territorial_units/woj/060000/060100.qmd"
           - text: "Powiat biłgorajski"
             href: "territorial_units/woj/060000/060200.qmd"
           - text: "Powiat chełmski"
             href: "territorial_units/woj/060000/060300.qmd"
           - text: "Powiat hrubieszowski"
             href: "territorial_units/woj/060000/060400.qmd"
           - text: "Powiat janowski"
             href: "territorial_units/woj/060000/060500.qmd"
           - text: "Powiat krasnostawski"
             href: "territorial_units/woj/060000/060600.qmd"
           - text: "Powiat kraśnicki"
             href: "territorial_units/woj/060000/060700.qmd"
           - text: "Powiat lubartowski"
             href: "territorial_units/woj/060000/060800.qmd"
           - text: "Powiat lubelski"
             href: "territorial_units/woj/060000/060900.qmd"
           - text: "Powiat łęczyński"
             href: "territorial_units/woj/060000/061000.qmd"
           - text: "Powiat łukowski"
             href: "territorial_units/woj/060000/061100.qmd"
           - text: "Powiat opolski"
             href: "territorial_units/woj/060000/061200.qmd"
           - text: "Powiat parczewski"
             href: "territorial_units/woj/060000/061300.qmd"
           - text: "Powiat puławski"
             href: "territorial_units/woj/060000/061400.qmd"
           - text: "Powiat radzyński"
             href: "territorial_units/woj/060000/061500.qmd"
           - text: "Powiat rycki"
             href: "territorial_units/woj/060000/061600.qmd"
           - text: "Powiat świdnicki"
             href: "territorial_units/woj/060000/061700.qmd"
           - text: "Powiat tomaszowski"
             href: "territorial_units/woj/060000/061800.qmd"
           - text: "Powiat włodawski"
             href: "territorial_units/woj/060000/061900.qmd"
           - text: "Powiat zamojski"
             href: "territorial_units/woj/060000/062000.qmd"
           - text: "Biała Podlaska"
             href: "territorial_units/woj/060000/066100.qmd"
           - text: "Chełm"
             href: "territorial_units/woj/060000/066200.qmd"
           - text: "Lublin"
             href: "territorial_units/woj/060000/066300.qmd"
           - text: "Zamość"
             href: "territorial_units/woj/060000/066400.qmd"
         - text: "lubuskie"
           href: "territorial_units/woj/080000.qmd"
           contents:
           - text: "Powiat gorzowski"
             href: "territorial_units/woj/080000/080100.qmd"
           - text: "Powiat krośnieński"
             href: "territorial_units/woj/080000/080200.qmd"
           - text: "Powiat międzyrzecki"
             href: "territorial_units/woj/080000/080300.qmd"
           - text: "Powiat nowosolski"
             href: "territorial_units/woj/080000/080400.qmd"
           - text: "Powiat słubicki"
             href: "territorial_units/woj/080000/080500.qmd"
           - text: "Powiat strzelecko-drezdenecki"
             href: "territorial_units/woj/080000/080600.qmd"
           - text: "Powiat sulęciński"
             href: "territorial_units/woj/080000/080700.qmd"
           - text: "Powiat świebodziński"
             href: "territorial_units/woj/080000/080800.qmd"
           - text: "Powiat zielonogórski"
             href: "territorial_units/woj/080000/080900.qmd"
           - text: "Powiat żagański"
             href: "territorial_units/woj/080000/081000.qmd"
           - text: "Powiat żarski"
             href: "territorial_units/woj/080000/081100.qmd"
           - text: "Powiat wschowski"
             href: "territorial_units/woj/080000/081200.qmd"
           - text: "Gorzów Wielkopolski"
             href: "territorial_units/woj/080000/086100.qmd"
           - text: "Zielona Góra"
             href: "territorial_units/woj/080000/086200.qmd"
         - text: "łódzkie"
           href: "territorial_units/woj/100000.qmd"
           contents:
           - text: "Powiat bełchatowski"
             href: "territorial_units/woj/100000/100100.qmd"
           - text: "Powiat kutnowski"
             href: "territorial_units/woj/100000/100200.qmd"
           - text: "Powiat łaski"
             href: "territorial_units/woj/100000/100300.qmd"
           - text: "Powiat łęczycki"
             href: "territorial_units/woj/100000/100400.qmd"
           - text: "Powiat łowicki"
             href: "territorial_units/woj/100000/100500.qmd"
           - text: "Powiat łódzki wschodni"
             href: "territorial_units/woj/100000/100600.qmd"
           - text: "Powiat opoczyński"
             href: "territorial_units/woj/100000/100700.qmd"
           - text: "Powiat pabianicki"
             href: "territorial_units/woj/100000/100800.qmd"
           - text: "Powiat pajęczański"
             href: "territorial_units/woj/100000/100900.qmd"
           - text: "Powiat piotrkowski"
             href: "territorial_units/woj/100000/101000.qmd"
           - text: "Powiat poddębicki"
             href: "territorial_units/woj/100000/101100.qmd"
           - text: "Powiat radomszczański"
             href: "territorial_units/woj/100000/101200.qmd"
           - text: "Powiat rawski"
             href: "territorial_units/woj/100000/101300.qmd"
           - text: "Powiat sieradzki"
             href: "territorial_units/woj/100000/101400.qmd"
           - text: "Powiat skierniewicki"
             href: "territorial_units/woj/100000/101500.qmd"
           - text: "Powiat tomaszowski"
             href: "territorial_units/woj/100000/101600.qmd"
           - text: "Powiat wieluński"
             href: "territorial_units/woj/100000/101700.qmd"
           - text: "Powiat wieruszowski"
             href: "territorial_units/woj/100000/101800.qmd"
           - text: "Powiat zduńskowolski"
             href: "territorial_units/woj/100000/101900.qmd"
           - text: "Powiat zgierski"
             href: "territorial_units/woj/100000/102000.qmd"
           - text: "Powiat brzeziński"
             href: "territorial_units/woj/100000/102100.qmd"
           - text: "Łódź"
             href: "territorial_units/woj/100000/106100.qmd"
           - text: "Piotrków Trybunalski"
             href: "territorial_units/woj/100000/106200.qmd"
           - text: "Skierniewice"
             href: "territorial_units/woj/100000/106300.qmd"
         - text: "małopolskie"
           href: "territorial_units/woj/120000.qmd"
           contents:
           - text: "Powiat bocheński"
             href: "territorial_units/woj/120000/120100.qmd"
           - text: "Powiat brzeski"
             href: "territorial_units/woj/120000/120200.qmd"
           - text: "Powiat chrzanowski"
             href: "territorial_units/woj/120000/120300.qmd"
           - text: "Powiat dąbrowski"
             href: "territorial_units/woj/120000/120400.qmd"
           - text: "Powiat gorlicki"
             href: "territorial_units/woj/120000/120500.qmd"
           - text: "Powiat krakowski"
             href: "territorial_units/woj/120000/120600.qmd"
           - text: "Powiat limanowski"
             href: "territorial_units/woj/120000/120700.qmd"
           - text: "Powiat miechowski"
             href: "territorial_units/woj/120000/120800.qmd"
           - text: "Powiat myślenicki"
             href: "territorial_units/woj/120000/120900.qmd"
           - text: "Powiat nowosądecki"
             href: "territorial_units/woj/120000/121000.qmd"
           - text: "Powiat nowotarski"
             href: "territorial_units/woj/120000/121100.qmd"
           - text: "Powiat olkuski"
             href: "territorial_units/woj/120000/121200.qmd"
           - text: "Powiat oświęcimski"
             href: "territorial_units/woj/120000/121300.qmd"
           - text: "Powiat proszowicki"
             href: "territorial_units/woj/120000/121400.qmd"
           - text: "Powiat suski"
             href: "territorial_units/woj/120000/121500.qmd"
           - text: "Powiat tarnowski"
             href: "territorial_units/woj/120000/121600.qmd"
           - text: "Powiat tatrzański"
             href: "territorial_units/woj/120000/121700.qmd"
           - text: "Powiat wadowicki"
             href: "territorial_units/woj/120000/121800.qmd"
           - text: "Powiat wielicki"
             href: "territorial_units/woj/120000/121900.qmd"
           - text: "Kraków"
             href: "territorial_units/woj/120000/126100.qmd"
           - text: "Nowy Sącz"
             href: "territorial_units/woj/120000/126200.qmd"
           - text: "Tarnów"
             href: "territorial_units/woj/120000/126300.qmd"
         - text: "mazowieckie"
           href: "territorial_units/woj/140000.qmd"
           contents:
           - text: "Powiat białobrzeski"
             href: "territorial_units/woj/140000/140100.qmd"
           - text: "Powiat ciechanowski"
             href: "territorial_units/woj/140000/140200.qmd"
           - text: "Powiat garwoliński"
             href: "territorial_units/woj/140000/140300.qmd"
           - text: "Powiat gostyniński"
             href: "territorial_units/woj/140000/140400.qmd"
           - text: "Powiat grodziski"
             href: "territorial_units/woj/140000/140500.qmd"
           - text: "Powiat grójecki"
             href: "territorial_units/woj/140000/140600.qmd"
           - text: "Powiat kozienicki"
             href: "territorial_units/woj/140000/140700.qmd"
           - text: "Powiat legionowski"
             href: "territorial_units/woj/140000/140800.qmd"
           - text: "Powiat lipski"
             href: "territorial_units/woj/140000/140900.qmd"
           - text: "Powiat łosicki"
             href: "territorial_units/woj/140000/141000.qmd"
           - text: "Powiat makowski"
             href: "territorial_units/woj/140000/141100.qmd"
           - text: "Powiat miński"
             href: "territorial_units/woj/140000/141200.qmd"
           - text: "Powiat mławski"
             href: "territorial_units/woj/140000/141300.qmd"
           - text: "Powiat nowodworski"
             href: "territorial_units/woj/140000/141400.qmd"
           - text: "Powiat ostrołęcki"
             href: "territorial_units/woj/140000/141500.qmd"
           - text: "Powiat ostrowski"
             href: "territorial_units/woj/140000/141600.qmd"
           - text: "Powiat otwocki"
             href: "territorial_units/woj/140000/141700.qmd"
           - text: "Powiat piaseczyński"
             href: "territorial_units/woj/140000/141800.qmd"
           - text: "Powiat płocki"
             href: "territorial_units/woj/140000/141900.qmd"
           - text: "Powiat płoński"
             href: "territorial_units/woj/140000/142000.qmd"
           - text: "Powiat pruszkowski"
             href: "territorial_units/woj/140000/142100.qmd"
           - text: "Powiat przasnyski"
             href: "territorial_units/woj/140000/142200.qmd"
           - text: "Powiat przysuski"
             href: "territorial_units/woj/140000/142300.qmd"
           - text: "Powiat pułtuski"
             href: "territorial_units/woj/140000/142400.qmd"
           - text: "Powiat radomski"
             href: "territorial_units/woj/140000/142500.qmd"
           - text: "Powiat siedlecki"
             href: "territorial_units/woj/140000/142600.qmd"
           - text: "Powiat sierpecki"
             href: "territorial_units/woj/140000/142700.qmd"
           - text: "Powiat sochaczewski"
             href: "territorial_units/woj/140000/142800.qmd"
           - text: "Powiat sokołowski"
             href: "territorial_units/woj/140000/142900.qmd"
           - text: "Powiat szydłowiecki"
             href: "territorial_units/woj/140000/143000.qmd"
           - text: "Powiat warszawski zachodni"
             href: "territorial_units/woj/140000/143200.qmd"
           - text: "Powiat węgrowski"
             href: "territorial_units/woj/140000/143300.qmd"
           - text: "Powiat wołomiński"
             href: "territorial_units/woj/140000/143400.qmd"
           - text: "Powiat wyszkowski"
             href: "territorial_units/woj/140000/143500.qmd"
           - text: "Powiat zwoleński"
             href: "territorial_units/woj/140000/143600.qmd"
           - text: "Powiat żuromiński"
             href: "territorial_units/woj/140000/143700.qmd"
           - text: "Powiat żyrardowski"
             href: "territorial_units/woj/140000/143800.qmd"
           - text: "Ostrołęka"
             href: "territorial_units/woj/140000/146100.qmd"
           - text: "Płock"
             href: "territorial_units/woj/140000/146200.qmd"
           - text: "Radom"
             href: "territorial_units/woj/140000/146300.qmd"
           - text: "Siedlce"
             href: "territorial_units/woj/140000/146400.qmd"
           - text: "Warszawa"
             href: "territorial_units/woj/140000/146500.qmd"
         - text: "opolskie"
           href: "territorial_units/woj/160000.qmd"
           contents:
           - text: "Powiat brzeski"
             href: "territorial_units/woj/160000/160100.qmd"
           - text: "Powiat głubczycki"
             href: "territorial_units/woj/160000/160200.qmd"
           - text: "Powiat kędzierzyńsko-kozielski"
             href: "territorial_units/woj/160000/160300.qmd"
           - text: "Powiat kluczborski"
             href: "territorial_units/woj/160000/160400.qmd"
           - text: "Powiat krapkowicki"
             href: "territorial_units/woj/160000/160500.qmd"
           - text: "Powiat namysłowski"
             href: "territorial_units/woj/160000/160600.qmd"
           - text: "Powiat nyski"
             href: "territorial_units/woj/160000/160700.qmd"
           - text: "Powiat oleski"
             href: "territorial_units/woj/160000/160800.qmd"
           - text: "Powiat opolski"
             href: "territorial_units/woj/160000/160900.qmd"
           - text: "Powiat prudnicki"
             href: "territorial_units/woj/160000/161000.qmd"
           - text: "Powiat strzelecki"
             href: "territorial_units/woj/160000/161100.qmd"
           - text: "Opole"
             href: "territorial_units/woj/160000/166100.qmd"
         - text: "podkarpackie"
           href: "territorial_units/woj/180000.qmd"
           contents:
           - text: "Powiat bieszczadzki"
             href: "territorial_units/woj/180000/180100.qmd"
           - text: "Powiat brzozowski"
             href: "territorial_units/woj/180000/180200.qmd"
           - text: "Powiat dębicki"
             href: "territorial_units/woj/180000/180300.qmd"
           - text: "Powiat jarosławski"
             href: "territorial_units/woj/180000/180400.qmd"
           - text: "Powiat jasielski"
             href: "territorial_units/woj/180000/180500.qmd"
           - text: "Powiat kolbuszowski"
             href: "territorial_units/woj/180000/180600.qmd"
           - text: "Powiat krośnieński"
             href: "territorial_units/woj/180000/180700.qmd"
           - text: "Powiat leżajski"
             href: "territorial_units/woj/180000/180800.qmd"
           - text: "Powiat lubaczowski"
             href: "territorial_units/woj/180000/180900.qmd"
           - text: "Powiat łańcucki"
             href: "territorial_units/woj/180000/181000.qmd"
           - text: "Powiat mielecki"
             href: "territorial_units/woj/180000/181100.qmd"
           - text: "Powiat niżański"
             href: "territorial_units/woj/180000/181200.qmd"
           - text: "Powiat przemyski"
             href: "territorial_units/woj/180000/181300.qmd"
           - text: "Powiat przeworski"
             href: "territorial_units/woj/180000/181400.qmd"
           - text: "Powiat ropczycko-sędziszowski"
             href: "territorial_units/woj/180000/181500.qmd"
           - text: "Powiat rzeszowski"
             href: "territorial_units/woj/180000/181600.qmd"
           - text: "Powiat sanocki"
             href: "territorial_units/woj/180000/181700.qmd"
           - text: "Powiat stalowowolski"
             href: "territorial_units/woj/180000/181800.qmd"
           - text: "Powiat strzyżowski"
             href: "territorial_units/woj/180000/181900.qmd"
           - text: "Powiat tarnobrzeski"
             href: "territorial_units/woj/180000/182000.qmd"
           - text: "Powiat leski"
             href: "territorial_units/woj/180000/182100.qmd"
           - text: "Krosno"
             href: "territorial_units/woj/180000/186100.qmd"
           - text: "Przemyśl"
             href: "territorial_units/woj/180000/186200.qmd"
           - text: "Rzeszów"
             href: "territorial_units/woj/180000/186300.qmd"
           - text: "Tarnobrzeg"
             href: "territorial_units/woj/180000/186400.qmd"
         - text: "podlaskie"
           href: "territorial_units/woj/200000.qmd"
           contents:
           - text: "Powiat augustowski"
             href: "territorial_units/woj/200000/200100.qmd"
           - text: "Powiat białostocki"
             href: "territorial_units/woj/200000/200200.qmd"
           - text: "Powiat bielski"
             href: "territorial_units/woj/200000/200300.qmd"
           - text: "Powiat grajewski"
             href: "territorial_units/woj/200000/200400.qmd"
           - text: "Powiat hajnowski"
             href: "territorial_units/woj/200000/200500.qmd"
           - text: "Powiat kolneński"
             href: "territorial_units/woj/200000/200600.qmd"
           - text: "Powiat łomżyński"
             href: "territorial_units/woj/200000/200700.qmd"
           - text: "Powiat moniecki"
             href: "territorial_units/woj/200000/200800.qmd"
           - text: "Powiat sejneński"
             href: "territorial_units/woj/200000/200900.qmd"
           - text: "Powiat siemiatycki"
             href: "territorial_units/woj/200000/201000.qmd"
           - text: "Powiat sokólski"
             href: "territorial_units/woj/200000/201100.qmd"
           - text: "Powiat suwalski"
             href: "territorial_units/woj/200000/201200.qmd"
           - text: "Powiat wysokomazowiecki"
             href: "territorial_units/woj/200000/201300.qmd"
           - text: "Powiat zambrowski"
             href: "territorial_units/woj/200000/201400.qmd"
           - text: "Białystok"
             href: "territorial_units/woj/200000/206100.qmd"
           - text: "Łomża"
             href: "territorial_units/woj/200000/206200.qmd"
           - text: "Suwałki"
             href: "territorial_units/woj/200000/206300.qmd"
         - text: "pomorskie"
           href: "territorial_units/woj/220000.qmd"
           contents:
           - text: "Powiat bytowski"
             href: "territorial_units/woj/220000/220100.qmd"
           - text: "Powiat chojnicki"
             href: "territorial_units/woj/220000/220200.qmd"
           - text: "Powiat człuchowski"
             href: "territorial_units/woj/220000/220300.qmd"
           - text: "Powiat gdański"
             href: "territorial_units/woj/220000/220400.qmd"
           - text: "Powiat kartuski"
             href: "territorial_units/woj/220000/220500.qmd"
           - text: "Powiat kościerski"
             href: "territorial_units/woj/220000/220600.qmd"
           - text: "Powiat kwidzyński"
             href: "territorial_units/woj/220000/220700.qmd"
           - text: "Powiat lęborski"
             href: "territorial_units/woj/220000/220800.qmd"
           - text: "Powiat malborski"
             href: "territorial_units/woj/220000/220900.qmd"
           - text: "Powiat nowodworski"
             href: "territorial_units/woj/220000/221000.qmd"
           - text: "Powiat pucki"
             href: "territorial_units/woj/220000/221100.qmd"
           - text: "Powiat słupski"
             href: "territorial_units/woj/220000/221200.qmd"
           - text: "Powiat starogardzki"
             href: "territorial_units/woj/220000/221300.qmd"
           - text: "Powiat tczewski"
             href: "territorial_units/woj/220000/221400.qmd"
           - text: "Powiat wejherowski"
             href: "territorial_units/woj/220000/221500.qmd"
           - text: "Powiat sztumski"
             href: "territorial_units/woj/220000/221600.qmd"
           - text: "Gdańsk"
             href: "territorial_units/woj/220000/226100.qmd"
           - text: "Gdynia"
             href: "territorial_units/woj/220000/226200.qmd"
           - text: "Słupsk"
             href: "territorial_units/woj/220000/226300.qmd"
           - text: "Sopot"
             href: "territorial_units/woj/220000/226400.qmd"
         - text: "śląskie"
           href: "territorial_units/woj/240000.qmd"
           contents:
           - text: "Powiat będziński"
             href: "territorial_units/woj/240000/240100.qmd"
           - text: "Powiat bielski"
             href: "territorial_units/woj/240000/240200.qmd"
           - text: "Powiat cieszyński"
             href: "territorial_units/woj/240000/240300.qmd"
           - text: "Powiat częstochowski"
             href: "territorial_units/woj/240000/240400.qmd"
           - text: "Powiat gliwicki"
             href: "territorial_units/woj/240000/240500.qmd"
           - text: "Powiat kłobucki"
             href: "territorial_units/woj/240000/240600.qmd"
           - text: "Powiat lubliniecki"
             href: "territorial_units/woj/240000/240700.qmd"
           - text: "Powiat mikołowski"
             href: "territorial_units/woj/240000/240800.qmd"
           - text: "Powiat myszkowski"
             href: "territorial_units/woj/240000/240900.qmd"
           - text: "Powiat pszczyński"
             href: "territorial_units/woj/240000/241000.qmd"
           - text: "Powiat raciborski"
             href: "territorial_units/woj/240000/241100.qmd"
           - text: "Powiat rybnicki"
             href: "territorial_units/woj/240000/241200.qmd"
           - text: "Powiat tarnogórski"
             href: "territorial_units/woj/240000/241300.qmd"
           - text: "Powiat bieruńsko-lędziński"
             href: "territorial_units/woj/240000/241400.qmd"
           - text: "Powiat wodzisławski"
             href: "territorial_units/woj/240000/241500.qmd"
           - text: "Powiat zawierciański"
             href: "territorial_units/woj/240000/241600.qmd"
           - text: "Powiat żywiecki"
             href: "territorial_units/woj/240000/241700.qmd"
           - text: "Bielsko-Biała"
             href: "territorial_units/woj/240000/246100.qmd"
           - text: "Bytom"
             href: "territorial_units/woj/240000/246200.qmd"
           - text: "Chorzów"
             href: "territorial_units/woj/240000/246300.qmd"
           - text: "Częstochowa"
             href: "territorial_units/woj/240000/246400.qmd"
           - text: "Dąbrowa Górnicza"
             href: "territorial_units/woj/240000/246500.qmd"
           - text: "Gliwice"
             href: "territorial_units/woj/240000/246600.qmd"
           - text: "Jastrzębie-Zdrój"
             href: "territorial_units/woj/240000/246700.qmd"
           - text: "Jaworzno"
             href: "territorial_units/woj/240000/246800.qmd"
           - text: "Katowice"
             href: "territorial_units/woj/240000/246900.qmd"
           - text: "Mysłowice"
             href: "territorial_units/woj/240000/247000.qmd"
           - text: "Piekary Śląskie"
             href: "territorial_units/woj/240000/247100.qmd"
           - text: "Ruda Śląska"
             href: "territorial_units/woj/240000/247200.qmd"
           - text: "Rybnik"
             href: "territorial_units/woj/240000/247300.qmd"
           - text: "Siemianowice Śląskie"
             href: "territorial_units/woj/240000/247400.qmd"
           - text: "Sosnowiec"
             href: "territorial_units/woj/240000/247500.qmd"
           - text: "Świętochłowice"
             href: "territorial_units/woj/240000/247600.qmd"
           - text: "Tychy"
             href: "territorial_units/woj/240000/247700.qmd"
           - text: "Zabrze"
             href: "territorial_units/woj/240000/247800.qmd"
           - text: "Żory"
             href: "territorial_units/woj/240000/247900.qmd"
         - text: "świętokrzyskie"
           href: "territorial_units/woj/260000.qmd"
           contents:
           - text: "Powiat buski"
             href: "territorial_units/woj/260000/260100.qmd"
           - text: "Powiat jędrzejowski"
             href: "territorial_units/woj/260000/260200.qmd"
           - text: "Powiat kazimierski"
             href: "territorial_units/woj/260000/260300.qmd"
           - text: "Powiat kielecki"
             href: "territorial_units/woj/260000/260400.qmd"
           - text: "Powiat konecki"
             href: "territorial_units/woj/260000/260500.qmd"
           - text: "Powiat opatowski"
             href: "territorial_units/woj/260000/260600.qmd"
           - text: "Powiat ostrowiecki"
             href: "territorial_units/woj/260000/260700.qmd"
           - text: "Powiat pińczowski"
             href: "territorial_units/woj/260000/260800.qmd"
           - text: "Powiat sandomierski"
             href: "territorial_units/woj/260000/260900.qmd"
           - text: "Powiat skarżyski"
             href: "territorial_units/woj/260000/261000.qmd"
           - text: "Powiat starachowicki"
             href: "territorial_units/woj/260000/261100.qmd"
           - text: "Powiat staszowski"
             href: "territorial_units/woj/260000/261200.qmd"
           - text: "Powiat włoszczowski"
             href: "territorial_units/woj/260000/261300.qmd"
           - text: "Kielce"
             href: "territorial_units/woj/260000/266100.qmd"
         - text: "warmińsko-mazurskie"
           href: "territorial_units/woj/280000.qmd"
           contents:
           - text: "Powiat bartoszycki"
             href: "territorial_units/woj/280000/280100.qmd"
           - text: "Powiat braniewski"
             href: "territorial_units/woj/280000/280200.qmd"
           - text: "Powiat działdowski"
             href: "territorial_units/woj/280000/280300.qmd"
           - text: "Powiat elbląski"
             href: "territorial_units/woj/280000/280400.qmd"
           - text: "Powiat ełcki"
             href: "territorial_units/woj/280000/280500.qmd"
           - text: "Powiat giżycki"
             href: "territorial_units/woj/280000/280600.qmd"
           - text: "Powiat iławski"
             href: "territorial_units/woj/280000/280700.qmd"
           - text: "Powiat kętrzyński"
             href: "territorial_units/woj/280000/280800.qmd"
           - text: "Powiat lidzbarski"
             href: "territorial_units/woj/280000/280900.qmd"
           - text: "Powiat mrągowski"
             href: "territorial_units/woj/280000/281000.qmd"
           - text: "Powiat nidzicki"
             href: "territorial_units/woj/280000/281100.qmd"
           - text: "Powiat nowomiejski"
             href: "territorial_units/woj/280000/281200.qmd"
           - text: "Powiat olecki"
             href: "territorial_units/woj/280000/281300.qmd"
           - text: "Powiat olsztyński"
             href: "territorial_units/woj/280000/281400.qmd"
           - text: "Powiat ostródzki"
             href: "territorial_units/woj/280000/281500.qmd"
           - text: "Powiat piski"
             href: "territorial_units/woj/280000/281600.qmd"
           - text: "Powiat szczycieński"
             href: "territorial_units/woj/280000/281700.qmd"
           - text: "Powiat gołdapski"
             href: "territorial_units/woj/280000/281800.qmd"
           - text: "Powiat węgorzewski"
             href: "territorial_units/woj/280000/281900.qmd"
           - text: "Elbląg"
             href: "territorial_units/woj/280000/286100.qmd"
           - text: "Olsztyn"
             href: "territorial_units/woj/280000/286200.qmd"
         - text: "wielkopolskie"
           href: "territorial_units/woj/300000.qmd"
           contents:
           - text: "Powiat chodzieski"
             href: "territorial_units/woj/300000/300100.qmd"
           - text: "Powiat czarnkowsko-trzcianecki"
             href: "territorial_units/woj/300000/300200.qmd"
           - text: "Powiat gnieźnieński"
             href: "territorial_units/woj/300000/300300.qmd"
           - text: "Powiat gostyński"
             href: "territorial_units/woj/300000/300400.qmd"
           - text: "Powiat grodziski"
             href: "territorial_units/woj/300000/300500.qmd"
           - text: "Powiat jarociński"
             href: "territorial_units/woj/300000/300600.qmd"
           - text: "Powiat kaliski"
             href: "territorial_units/woj/300000/300700.qmd"
           - text: "Powiat kępiński"
             href: "territorial_units/woj/300000/300800.qmd"
           - text: "Powiat kolski"
             href: "territorial_units/woj/300000/300900.qmd"
           - text: "Powiat koniński"
             href: "territorial_units/woj/300000/301000.qmd"
           - text: "Powiat kościański"
             href: "territorial_units/woj/300000/301100.qmd"
           - text: "Powiat krotoszyński"
             href: "territorial_units/woj/300000/301200.qmd"
           - text: "Powiat leszczyński"
             href: "territorial_units/woj/300000/301300.qmd"
           - text: "Powiat międzychodzki"
             href: "territorial_units/woj/300000/301400.qmd"
           - text: "Powiat nowotomyski"
             href: "territorial_units/woj/300000/301500.qmd"
           - text: "Powiat obornicki"
             href: "territorial_units/woj/300000/301600.qmd"
           - text: "Powiat ostrowski"
             href: "territorial_units/woj/300000/301700.qmd"
           - text: "Powiat ostrzeszowski"
             href: "territorial_units/woj/300000/301800.qmd"
           - text: "Powiat pilski"
             href: "territorial_units/woj/300000/301900.qmd"
           - text: "Powiat pleszewski"
             href: "territorial_units/woj/300000/302000.qmd"
           - text: "Powiat poznański"
             href: "territorial_units/woj/300000/302100.qmd"
           - text: "Powiat rawicki"
             href: "territorial_units/woj/300000/302200.qmd"
           - text: "Powiat słupecki"
             href: "territorial_units/woj/300000/302300.qmd"
           - text: "Powiat szamotulski"
             href: "territorial_units/woj/300000/302400.qmd"
           - text: "Powiat średzki"
             href: "territorial_units/woj/300000/302500.qmd"
           - text: "Powiat śremski"
             href: "territorial_units/woj/300000/302600.qmd"
           - text: "Powiat turecki"
             href: "territorial_units/woj/300000/302700.qmd"
           - text: "Powiat wągrowiecki"
             href: "territorial_units/woj/300000/302800.qmd"
           - text: "Powiat wolsztyński"
             href: "territorial_units/woj/300000/302900.qmd"
           - text: "Powiat wrzesiński"
             href: "territorial_units/woj/300000/303000.qmd"
           - text: "Powiat złotowski"
             href: "territorial_units/woj/300000/303100.qmd"
           - text: "Kalisz"
             href: "territorial_units/woj/300000/306100.qmd"
           - text: "Konin"
             href: "territorial_units/woj/300000/306200.qmd"
           - text: "Leszno"
             href: "territorial_units/woj/300000/306300.qmd"
           - text: "Poznań"
             href: "territorial_units/woj/300000/306400.qmd"
         - text: "zachodniopomorskie"
           href: "territorial_units/woj/320000.qmd"
           contents:
           - text: "Powiat białogardzki"
             href: "territorial_units/woj/320000/320100.qmd"
           - text: "Powiat choszczeński"
             href: "territorial_units/woj/320000/320200.qmd"
           - text: "Powiat drawski"
             href: "territorial_units/woj/320000/320300.qmd"
           - text: "Powiat goleniowski"
             href: "territorial_units/woj/320000/320400.qmd"
           - text: "Powiat gryficki"
             href: "territorial_units/woj/320000/320500.qmd"
           - text: "Powiat gryfiński"
             href: "territorial_units/woj/320000/320600.qmd"
           - text: "Powiat kamieński"
             href: "territorial_units/woj/320000/320700.qmd"
           - text: "Powiat kołobrzeski"
             href: "territorial_units/woj/320000/320800.qmd"
           - text: "Powiat koszaliński"
             href: "territorial_units/woj/320000/320900.qmd"
           - text: "Powiat myśliborski"
             href: "territorial_units/woj/320000/321000.qmd"
           - text: "Powiat policki"
             href: "territorial_units/woj/320000/321100.qmd"
           - text: "Powiat pyrzycki"
             href: "territorial_units/woj/320000/321200.qmd"
           - text: "Powiat sławieński"
             href: "territorial_units/woj/320000/321300.qmd"
           - text: "Powiat stargardzki"
             href: "territorial_units/woj/320000/321400.qmd"
           - text: "Powiat szczecinecki"
             href: "territorial_units/woj/320000/321500.qmd"
           - text: "Powiat świdwiński"
             href: "territorial_units/woj/320000/321600.qmd"
           - text: "Powiat wałecki"
             href: "territorial_units/woj/320000/321700.qmd"
           - text: "Powiat łobeski"
             href: "territorial_units/woj/320000/321800.qmd"
           - text: "Koszalin"
             href: "territorial_units/woj/320000/326100.qmd"
           - text: "Szczecin"
             href: "territorial_units/woj/320000/326200.qmd"
           - text: "Świnoujście"
             href: "territorial_units/woj/320000/326300.qmd"

