"id";"name";"genitive";"locativus";"level";"parent";"children";"neighbours";"RSPOstateId";"RSPOdistrictId"
"000000";"Polska";"Polski";"Polsce";"k";;"020000,040000,060000,080000,100000,120000,140000,160000,180000,200000,220000,240000,260000,280000,300000,320000";;;
"020000";"Województwo dolnośląskie";"województwa dolnośląskiego";"województwie dolnośląskim";"w";"000000";"020100,020200,020300,020400,020500,020600,020700,020800,020900,021000,021100,021200,021300,021400,021500,021600,021700,021800,021900,022000,022100,022200,022300,022400,022500,022600,026100,026200,026400,026500";"080000,300000,160000";1;
"020100";"Powiat bolesławiecki";"powiatu bolesławieckiego";"powiecie bolesławieckim";"p";"020000";;"021600,020900,021000,021200,022500,022600,081000";1;1
"020200";"Powiat dzierżoniowski";"powiatu dzierżoniowskiego";"powiecie dzierżoniowskim";"p";"020000";;"020800,022100,022300,022400,021700,021900";1;2
"020300";"Powiat głogowski";"powiatu głogowskiego";"powiecie głogowskim";"p";"020000";;"021600,021100,080400,081200,081000,020400";1;3
"020400";"Powiat górowski";"powiatu górowskiego";"powiecie górowskim";"p";"020000";;"302200,301300,021100,022200,081200,022000,020300";1;4
"020500";"Powiat jaworski";"powiatu jaworskiego";"powiecie jaworskim";"p";"020000";;"020900,022100,022600,021800,021900,020700,020600";1;5
"020600";"Powiat karkonoski";"powiatu karkonoskiego";"powiecie karkonoskim";"p";"020000";;"021200,022600,020500,026100,020700";1;6
"020700";"Powiat kamiennogórski";"powiatu kamiennogórskiego";"powiecie kamiennogórskim";"p";"020000";;"022100,020500,020600";1;7
"020800";"Powiat kłodzki";"powiatu kłodzkiego";"powiecie kłodzkim";"p";"020000";;"022100,022400,020200";1;8
"020900";"Powiat legnicki";"powiatu legnickiego";"powiecie legnickim";"p";"020000";;"021600,026200,021100,022200,022600,021800,020500,020100";1;9
"021000";"Powiat lubański";"powiatu lubańskiego";"powiecie lubańskim";"p";"020000";;"021200,022500,020100";1;10
"021100";"Powiat lubiński";"powiatu lubińskiego";"powiecie lubińskim";"p";"020000";;"021600,020900,022200,020300,020400";1;11
"021200";"Powiat lwówecki";"powiatu lwóweckiego";"powiecie lwóweckim";"p";"020000";;"021000,022600,020600,020100";1;12
"021300";"Powiat milicki";"powiatu milickiego";"powiecie milickim";"p";"020000";;"302200,301200,021400,301700,022000";1;13
"021400";"Powiat oleśnicki";"powiatu oleśnickiego";"powiecie oleśnickim";"p";"020000";;"300800,021300,160600,021500,301700,301800,022300,022000";1;14
"021500";"Powiat oławski";"powiatu oławskiego";"powiecie oławskim";"p";"020000";;"160600,021400,022300,021700,160100";1;15
"021600";"Powiat polkowicki";"powiatu polkowickiego";"powiecie polkowickim";"p";"020000";;"020900,021100,081000,020300,020100";1;16
"021700";"Powiat strzeliński";"powiatu strzelińskiego";"powiecie strzelińskim";"p";"020000";;"160700,021500,022300,022400,020200,160100";1;17
"021800";"Powiat średzki";"powiatu średzkiego";"powiecie średzkim";"p";"020000";;"020900,022200,026400,022300,021900,022000,020500";1;18
"021900";"Powiat świdnicki";"powiatu świdnickiego";"powiecie świdnickim";"p";"020000";;"026500,022100,022300,021800,020200,020500";1;19
"022000";"Powiat trzebnicki";"powiatu trzebnickiego";"powiecie trzebnickim";"p";"020000";;"302200,021300,021400,022200,026400,022300,021800,020400";1;20
"022100";"Powiat wałbrzyski";"powiatu wałbrzyskiego";"powiecie wałbrzyskim";"p";"020000";;"020800,026500,021900,020200,020500,020700";1;21
"022200";"Powiat wołowski";"powiatu wołowskiego";"powiecie wołowskim";"p";"020000";;"020900,021100,021800,022000,020400";1;22
"022300";"Powiat wrocławski";"powiatu wrocławskiego";"powiecie wrocławskim";"p";"020000";;"021400,021500,026400,021700,021800,021900,022000,020200";1;23
"022400";"Powiat ząbkowicki";"powiatu ząbkowickiego";"powiecie ząbkowickim";"p";"020000";;"020800,160700,021700,020200";1;24
"022500";"Powiat zgorzelecki";"powiatu zgorzeleckiego";"powiecie zgorzeleckim";"p";"020000";;"021000,081000,081100,020100";1;25
"022600";"Powiat złotoryjski";"powiatu złotoryjskiego";"powiecie złotoryjskim";"p";"020000";;"020900,021200,020500,020600,020100";1;26
"026100";"Jelenia Góra";"Jeleniej Góry";"Jeleniej Górze";"p";"020000";;"020600";1;27
"026200";"Legnica";"Legnicy";"Legnicy";"p";"020000";;"020900";1;28
"026400";"Wrocław";"Wrocławia";"Wrocławiu";"p";"020000";;"022300,021800,022000";1;29
"026500";"Wałbrzych";"Wałbrzycha";"Wałbrzychu";"p";"020000";;"022100,021900";1;380
"040000";"Województwo kujawsko-pomorskie";"województwa kujawsko-pomorskiego";"województwie kujawsko-pomorskim";"w";"000000";"040100,040200,040300,040400,040500,040600,040700,040800,040900,041000,041100,041200,041300,041400,041500,041600,041700,041800,041900,046100,046200,046300,046400";"300000,220000,100000,280000,140000";2;
"040100";"Powiat aleksandrowski";"powiatu aleksandrowskiego";"powiecie aleksandrowskim";"p";"040000";;"041100,040800,041800,041500,040700";2;30
"040200";"Powiat brodnicki";"powiatu brodnickiego";"powiecie brodnickim";"p";"040000";;"281200,041700,143700,041200,280300,040500,040600";2;31
"040300";"Powiat bydgoski";"powiatu bydgoskiego";"powiecie bydgoskim";"p";"040000";;"041000,041600,041900,041300,041400,041500,040700,046100,040400";2;32
"040400";"Powiat chełmiński";"powiatu chełmińskiego";"powiecie chełmińskim";"p";"040000";;"041700,041400,041500,040600,040300";2;33
"040500";"Powiat golubsko-dobrzyński";"powiatu golubsko-dobrzyńskiego";"powiecie golubsko-dobrzyńskim";"p";"040000";;"040800,041700,041200,041500,040200";2;34
"040600";"Powiat grudziądzki";"powiatu grudziądzkiego";"powiecie grudziądzkim";"p";"040000";;"220700,281200,041700,041400,046200,280700,040200,040400";2;35
"040700";"Powiat inowrocławski";"powiatu inowrocławskiego";"powiecie inowrocławskim";"p";"040000";;"041100,301000,040900,041900,041500,040100,040300";2;36
"040800";"Powiat lipnowski";"powiatu lipnowskiego";"powiecie lipnowskim";"p";"040000";;"141900,046400,041800,041200,142700,041500,040500,040100";2;37
"040900";"Powiat mogileński";"powiatu mogileńskiego";"powiecie mogileńskim";"p";"040000";;"301000,041900,302300,300300,040700";2;38
"041000";"Powiat nakielski";"powiatu nakielskiego";"powiecie nakielskim";"p";"040000";;"301900,302800,041900,041300,040300";2;39
"041100";"Powiat radziejowski";"powiatu radziejowskiego";"powiecie radziejowskim";"p";"040000";;"300900,301000,041800,040700,040100";2;40
"041200";"Powiat rypiński";"powiatu rypińskiego";"powiecie rypińskim";"p";"040000";;"040800,143700,142700,040500,040200";2;41
"041300";"Powiat sępoleński";"powiatu sępoleńskiego";"powiecie sępoleńskim";"p";"040000";;"301900,041000,041600,303100,220300,040300,220200";2;42
"041400";"Powiat świecki";"powiatu świeckiego";"powiecie świeckim";"p";"040000";;"220700,041600,221300,221400,046200,040600,040300,040400";2;43
"041500";"Powiat toruński";"powiatu toruńskiego";"powiecie toruńskim";"p";"040000";;"040800,041700,046300,040500,040700,040100,040300,046100,040400";2;44
"041600";"Powiat tucholski";"powiatu tucholskiego";"powiecie tucholskim";"p";"040000";;"041300,221300,041400,040300,220200";2;45
"041700";"Powiat wąbrzeski";"powiatu wąbrzeskiego";"powiecie wąbrzeskim";"p";"040000";;"041500,040500,040600,040200,040400";2;46
"041800";"Powiat włocławski";"powiatu włocławskiego";"powiecie włocławskim";"p";"040000";;"141900,041100,300900,100200,040800,046400,140400,040100";2;47
"041900";"Powiat żniński";"powiatu żnińskiego";"powiecie żnińskim";"p";"040000";;"040900,041000,302800,300300,040700,040300";2;48
"046100";"Bydgoszcz";"Bydgoszczy";"Bydgoszczy";"p";"040000";;"041500,040300";2;49
"046200";"Grudziądz";"Grudziądza";"Grudziądzu";"p";"040000";;"041400,040600";2;50
"046300";"Toruń";"Torunia";"Toruniu";"p";"040000";;"041500";2;51
"046400";"Włocławek";"Włocławka";"Włocławku";"p";"040000";;"040800,041800";2;52
"060000";"Województwo lubelskie";"województwa lubelskiego";"województwie lubelskim";"w";"000000";"060100,060200,060300,060400,060500,060600,060700,060800,060900,061000,061100,061200,061300,061400,061500,061600,061700,061800,061900,062000,066100,066200,066300,066400";"140000,260000,180000,200000";3;
"060100";"Powiat bialski";"powiatu bialskiego";"powiecie bialskim";"p";"060000";;"061500,141000,061100,061300,061900,142600,201000,066100";3;53
"060200";"Powiat biłgorajski";"powiatu biłgorajskiego";"powiecie biłgorajskim";"p";"060000";;"181400,060600,180800,180900,060900,181200,062000,061800,060500";3;54
"060300";"Powiat chełmski";"powiatu chełmskiego";"powiecie chełmskim";"p";"060000";;"060600,061000,061900,062000,061700,060400,066200";3;55
"060400";"Powiat hrubieszowski";"powiatu hrubieszowskiego";"powiecie hrubieszowskim";"p";"060000";;"062000,061800,060300";3;56
"060500";"Powiat janowski";"powiatu janowskiego";"powiecie janowskim";"p";"060000";;"060700,060900,181200,181800,060200";3;57
"060600";"Powiat krasnostawski";"powiatu krasnostawskiego";"powiecie krasnostawskim";"p";"060000";;"060900,062000,061700,060200,060300";3;58
"060700";"Powiat kraśnicki";"powiatu kraśnickiego";"powiecie kraśnickim";"p";"060000";;"060900,260600,061200,260900,181800,060500";3;59
"060800";"Powiat lubartowski";"powiatu lubartowskiego";"powiecie lubartowskim";"p";"060000";;"061400,061500,060900,061000,061100,061300,061600";3;60
"060900";"Powiat lubelski";"powiatu lubelskiego";"powiecie lubelskim";"p";"060000";;"061400,060600,060700,060800,066300,061000,061200,061700,060500,060200";3;61
"061000";"Powiat łęczyński";"powiatu łęczyńskiego";"powiecie łęczyńskim";"p";"060000";;"060800,060900,061300,061900,061700,060300";3;62
"061100";"Powiat łukowski";"powiatu łukowskiego";"powiecie łukowskim";"p";"060000";;"061500,060800,061600,142600,140300,060100";3;63
"061200";"Powiat opolski";"powiatu opolskiego";"powiecie opolskim";"p";"060000";;"061400,060700,140900,060900,260600,143600";3;64
"061300";"Powiat parczewski";"powiatu parczewskiego";"powiecie parczewskim";"p";"060000";;"061500,060800,061000,061900,060100";3;65
"061400";"Powiat puławski";"powiatu puławskiego";"powiecie puławskim";"p";"060000";;"140700,060800,060900,061200,143600,061600";3;66
"061500";"Powiat radzyński";"powiatu radzyńskiego";"powiecie radzyńskim";"p";"060000";;"060800,061100,061300,060100";3;67
"061600";"Powiat rycki";"powiatu ryckiego";"powiecie ryckim";"p";"060000";;"061400,140700,060800,061100,140300";3;68
"061700";"Powiat świdnicki";"powiatu świdnickiego";"powiecie świdnickim";"p";"060000";;"060600,060900,066300,061000,060300";3;69
"061800";"Powiat tomaszowski";"powiatu tomaszowskiego";"powiecie tomaszowskim";"p";"060000";;"180900,062000,060400,060200";3;70
"061900";"Powiat włodawski";"powiatu włodawskiego";"powiecie włodawskim";"p";"060000";;"061000,061300,060100,060300";3;71
"062000";"Powiat zamojski";"powiatu zamojskiego";"powiecie zamojskim";"p";"060000";;"060600,066400,061800,060400,060200,060300";3;72
"066100";"Biała Podlaska";"Białej Podlaskiej";"Białej Podlaskiej";"p";"060000";;"060100";3;73
"066200";"Chełm";"Chełma";"Chełmie";"p";"060000";;"060300";3;74
"066300";"Lublin";"Lublina";"Lublinie";"p";"060000";;"060900,061700";3;75
"066400";"Zamość";"Zamościa";"Zamościu";"p";"060000";;"062000";3;76
"080000";"Województwo lubuskie";"województwa lubuskiego";"województwie lubuskim";"w";"000000";"080100,080200,080300,080400,080500,080600,080700,080800,080900,081000,081100,081200,086100,086200";"320000,020000,300000";4;
"080100";"Powiat gorzowski";"powiatu gorzowskiego";"powiecie gorzowskim";"p";"080000";;"080300,321000,080500,080600,080700,086100";4;77
"080200";"Powiat krośnieński";"powiatu krośnieńskiego";"powiecie krośnieńskim";"p";"080000";;"080900,081100,080500,080700,080800";4;78
"080300";"Powiat międzyrzecki";"powiatu międzyrzeckiego";"powiecie międzyrzeckim";"p";"080000";;"301400,301500,080600,080700,080800,080100";4;79
"080400";"Powiat nowosolski";"powiatu nowosolskiego";"powiecie nowosolskim";"p";"080000";;"302900,081200,086200,080900,081000,020300";4;80
"080500";"Powiat słubicki";"powiatu słubickiego";"powiecie słubickim";"p";"080000";;"080200,080700,080100";4;81
"080600";"Powiat strzelecko-drezdenecki";"powiatu strzelecko-drezdeneckiego";"powiecie strzelecko-drezdeneckim";"p";"080000";;"301400,080300,321000,321700,300200,080100,320200";4;82
"080700";"Powiat sulęciński";"powiatu sulęcińskiego";"powiecie sulęcińskim";"p";"080000";;"080200,080300,080500,080800,080100";4;83
"080800";"Powiat świebodziński";"powiatu świebodzińskiego";"powiecie świebodzińskim";"p";"080000";;"080200,080300,301500,080900,080700";4;84
"080900";"Powiat zielonogórski";"powiatu zielonogórskiego";"powiecie zielonogórskim";"p";"080000";;"080200,080400,301500,302900,086200,081000,081100,080800";4;85
"081000";"Powiat żagański";"powiatu żagańskiego";"powiecie żagańskim";"p";"080000";;"021600,080400,022500,080900,081100,020300,020100";4;86
"081100";"Powiat żarski";"powiatu żarskiego";"powiecie żarskim";"p";"080000";;"080200,022500,080900,081000";4;87
"081200";"Powiat wschowski";"powiatu wschowskiego";"powiecie wschowskim";"p";"080000";;"301300,080400,302900,020300,020400";4;88
"086100";"Gorzów Wielkopolski";"Gorzowa Wielkopolskiego";"Gorzowie Wielkopolskim";"p";"080000";;"080100";4;89
"086200";"Zielona Góra";"Zielonej Góry";"Zielonej Górze";"p";"080000";;"080400,080900";4;90
"100000";"Województwo łódzkie";"województwa łódzkiego";"województwie łódzkim";"w";"000000";"100100,100200,100300,100400,100500,100600,100700,100800,100900,101000,101100,101200,101300,101400,101500,101600,101700,101800,101900,102000,102100,106100,106200,106300";"300000,160000,040000,240000,140000,260000";5;
"100100";"Powiat bełchatowski";"powiatu bełchatowskiego";"powiecie bełchatowskim";"p";"100000";;"101000,101200,100300,100800,100900,101700";5;91
"100200";"Powiat kutnowski";"powiatu kutnowskiego";"powiecie kutnowskim";"p";"100000";;"300900,100400,100500,041800,140400";5;92
"100300";"Powiat łaski";"powiatu łaskiego";"powiecie łaskim";"p";"100000";;"101100,100800,101700,101900,101400,100100";5;93
"100400";"Powiat łęczycki";"powiatu łęczyckiego";"powiecie łęczyckim";"p";"100000";;"101100,300900,100200,100500,102000";5;94
"100500";"Powiat łowicki";"powiatu łowickiego";"powiecie łowickim";"p";"100000";;"100200,100400,102000,101500,142800,140400,102100";5;95
"100600";"Powiat łódzki wschodni";"powiatu łódzki wschodniego";"powiecie łódzki wschodnim";"p";"100000";;"101000,106100,100800,102000,101600,102100";5;96
"100700";"Powiat opoczyński";"powiatu opoczyńskiego";"powiecie opoczyńskim";"p";"100000";;"101000,142300,101200,260500,101600";5;97
"100800";"Powiat pabianicki";"powiatu pabianickiego";"powiecie pabianickim";"p";"100000";;"101000,101100,100300,100600,106100,102000,100100";5;98
"100900";"Powiat pajęczański";"powiatu pajęczańskiego";"powiecie pajęczańskim";"p";"100000";;"101200,240600,101700,240400,100100";5;99
"101000";"Powiat piotrkowski";"powiatu piotrkowskiego";"powiecie piotrkowskim";"p";"100000";;"106200,101200,100600,100700,100800,101600,100100";5;100
"101100";"Powiat poddębicki";"powiatu poddębickiego";"powiecie poddębickim";"p";"100000";;"300900,100300,100400,100800,302700,101900,102000,101400";5;101
"101200";"Powiat radomszczański";"powiatu radomszczańskiego";"powiecie radomszczańskim";"p";"100000";;"101000,260500,100700,100900,261300,240400,100100";5;102
"101300";"Powiat rawski";"powiatu rawskiego";"powiecie rawskim";"p";"100000";;"143800,101500,101600,140600";5;103
"101400";"Powiat sieradzki";"powiatu sieradzkiego";"powiecie sieradzkim";"p";"100000";;"101100,100300,301800,302700,101700,101800,101900,300700";5;104
"101500";"Powiat skierniewicki";"powiatu skierniewickiego";"powiecie skierniewickim";"p";"100000";;"101300,100500,143800,106300,142800,101600,102100";5;105
"101600";"Powiat tomaszowski";"powiatu tomaszowskiego";"powiecie tomaszowskim";"p";"100000";;"101000,142300,101300,100600,100700,101500,140600,102100";5;106
"101700";"Powiat wieluński";"powiatu wieluńskiego";"powiecie wieluńskim";"p";"100000";;"240600,100300,160800,100900,101800,101400,100100";5;107
"101800";"Powiat wieruszowski";"powiatu wieruszowskiego";"powiecie wieruszowskim";"p";"100000";;"300800,160400,160800,301800,101700,101400";5;108
"101900";"Powiat zduńskowolski";"powiatu zduńskowolskiego";"powiecie zduńskowolskim";"p";"100000";;"101100,100300,101400";5;109
"102000";"Powiat zgierski";"powiatu zgierskiego";"powiecie zgierskim";"p";"100000";;"101100,100400,100500,100600,106100,100800,102100";5;110
"102100";"Powiat brzeziński";"powiatu brzezińskiego";"powiecie brzezińskim";"p";"100000";;"100500,100600,102000,101500,101600";5;111
"106100";"Łódź";"Łodzi";"Łodzi";"p";"100000";;"100600,100800,102000";5;112
"106200";"Piotrków Trybunalski";"Piotrkowa Trybunalskiego";"Piotrkowie Trybunalskim";"p";"100000";;"101000";5;113
"106300";"Skierniewice";"Skierniewic";"Skierniewicach";"p";"100000";;"101500";5;114
"120000";"Województwo małopolskie";"województwa małopolskiego";"województwie małopolskim";"w";"000000";"120100,120200,120300,120400,120500,120600,120700,120800,120900,121000,121100,121200,121300,121400,121500,121600,121700,121800,121900,126100,126200,126300";"240000,260000,180000";6;
"120100";"Powiat bocheński";"powiatu bocheńskiego";"powiecie bocheńskim";"p";"120000";;"121400,120600,120700,120900,121900,120200";6;115
"120200";"Powiat brzeski";"powiatu brzeskiego";"powiecie brzeskim";"p";"120000";;"121400,120700,121000,121600,120100";6;116
"120300";"Powiat chrzanowski";"powiatu chrzanowskiego";"powiecie chrzanowskim";"p";"120000";;"120600,121200,121300,121800,246800";6;117
"120400";"Powiat dąbrowski";"powiatu dąbrowskiego";"powiecie dąbrowskim";"p";"120000";;"260300,181100,261200,121600,180300,260100";6;118
"120500";"Powiat gorlicki";"powiatu gorlickiego";"powiecie gorlickim";"p";"120000";;"121000,121600,180500";6;119
"120600";"Powiat krakowski";"powiatu krakowskiego";"powiecie krakowskim";"p";"120000";;"121400,126100,120800,120900,121200,121800,121900,120100,120300";6;120
"120700";"Powiat limanowski";"powiatu limanowskiego";"powiecie limanowskim";"p";"120000";;"120900,121000,121100,120100,120200";6;121
"120800";"Powiat miechowski";"powiatu miechowskiego";"powiecie miechowskim";"p";"120000";;"260800,121400,260300,120600,121200,241600,260200";6;122
"120900";"Powiat myślenicki";"powiatu myślenickiego";"powiecie myślenickim";"p";"120000";;"120600,120700,121100,121800,121900,121500,120100";6;123
"121000";"Powiat nowosądecki";"powiatu nowosądeckiego";"powiecie nowosądeckim";"p";"120000";;"120700,121100,126200,121600,120500,120200";6;124
"121100";"Powiat nowotarski";"powiatu nowotarskiego";"powiecie nowotarskim";"p";"120000";;"120700,120900,121000,121500,121700";6;125
"121200";"Powiat olkuski";"powiatu olkuskiego";"powiecie olkuskim";"p";"120000";;"120600,120800,241600,246500,246800,240100,120300";6;126
"121300";"Powiat oświęcimski";"powiatu oświęcimskiego";"powiecie oświęcimskim";"p";"120000";;"241000,121800,246800,240200,241400,120300";6;127
"121400";"Powiat proszowicki";"powiatu proszowickiego";"powiecie proszowickim";"p";"120000";;"260300,120600,126100,120800,121600,120100,120200";6;128
"121500";"Powiat suski";"powiatu suskiego";"powiecie suskim";"p";"120000";;"120900,121100,121800,241700";6;129
"121600";"Powiat tarnowski";"powiatu tarnowskiego";"powiecie tarnowskim";"p";"120000";;"121400,260300,121000,126300,120400,180300,120500,180500,120200";6;130
"121700";"Powiat tatrzański";"powiatu tatrzańskiego";"powiecie tatrzańskim";"p";"120000";;"121100";6;131
"121800";"Powiat wadowicki";"powiatu wadowickiego";"powiecie wadowickim";"p";"120000";;"120600,120900,121300,241700,121500,240200,120300";6;132
"121900";"Powiat wielicki";"powiatu wielickiego";"powiecie wielickim";"p";"120000";;"120600,126100,120900,120100";6;133
"126100";"Kraków";"Krakowa";"Krakowie";"p";"120000";;"121400,120600,121900";6;134
"126200";"Nowy Sącz";"Nowego Sącza";"Nowym Sączu";"p";"120000";;"121000";6;135
"126300";"Tarnów";"Tarnowa";"Tarnowie";"p";"120000";;"121600";6;136
"140000";"Województwo mazowieckie";"województwa mazowieckiego";"województwie mazowieckim";"w";"000000";"140100,140200,140300,140400,140500,140600,140700,140800,140900,141000,141100,141200,141300,141400,141500,141600,141700,141800,141900,142000,142100,142200,142300,142400,142500,142600,142700,142800,142900,143000,143200,143300,143400,143500,143600,143700,143800,146100,146200,146300,146400,146500";"040000,100000,280000,260000,200000,060000";7;
"140100";"Powiat białobrzeski";"powiatu białobrzeskiego";"powiecie białobrzeskim";"p";"140000";;"142300,142500,140700,140600";7;137
"140200";"Powiat ciechanowski";"powiatu ciechanowskiego";"powiecie ciechanowskim";"p";"140000";;"142000,142200,142400,141100,141300";7;138
"140300";"Powiat garwoliński";"powiatu garwolińskiego";"powiecie garwolińskim";"p";"140000";;"140700,061100,141200,141700,061600,142600,140600";7;139
"140400";"Powiat gostyniński";"powiatu gostynińskiego";"powiecie gostynińskim";"p";"140000";;"141900,100200,100500,041800,142800";7;140
"140500";"Powiat grodziski";"powiatu grodziskiego";"powiecie grodziskim";"p";"140000";;"142100,141800,143200,143800,142800,140600";7;141
"140600";"Powiat grójecki";"powiatu grójeckiego";"powiecie grójeckim";"p";"140000";;"142300,101300,140700,141700,141800,143800,101600,140300,140500,140100";7;142
"140700";"Powiat kozienicki";"powiatu kozienickiego";"powiecie kozienickim";"p";"140000";;"061400,142500,143600,061600,140300,140600,140100";7;143
"140800";"Powiat legionowski";"powiatu legionowskiego";"powiecie legionowskim";"p";"140000";;"142400,141400,146500,143200,143400,143500";7;144
"140900";"Powiat lipski";"powiatu lipskiego";"powiecie lipskim";"p";"140000";;"142500,260600,061200,260700,143600,261100";7;145
"141000";"Powiat łosicki";"powiatu łosickiego";"powiecie łosickim";"p";"140000";;"142600,201000,060100";7;146
"141100";"Powiat makowski";"powiatu makowskiego";"powiecie makowskim";"p";"140000";;"142200,142400,141500,143500,140200";7;147
"141200";"Powiat miński";"powiatu mińskiego";"powiecie mińskim";"p";"140000";;"141700,146500,143300,143400,142600,140300";7;148
"141300";"Powiat mławski";"powiatu mławskiego";"powiecie mławskim";"p";"140000";;"142000,142200,281100,143700,280300,140200";7;149
"141400";"Powiat nowodworski";"powiatu nowodworskiego";"powiecie nowodworskim";"p";"140000";;"142000,142400,140800,143200,142800";7;150
"141500";"Powiat ostrołęcki";"powiatu ostrołęckiego";"powiecie ostrołęckim";"p";"140000";;"281600,142200,200600,200700,141100,146100,141600,143500,281700";7;151
"141600";"Powiat ostrowski";"powiatu ostrowskiego";"powiecie ostrowskim";"p";"140000";;"200700,141500,143300,201300,143500,201400,142900";7;152
"141700";"Powiat otwocki";"powiatu otwockiego";"powiecie otwockim";"p";"140000";;"141200,141800,146500,140300,140600";7;153
"141800";"Powiat piaseczyński";"powiatu piaseczyńskiego";"powiecie piaseczyńskim";"p";"140000";;"142100,141700,146500,140500,140600";7;154
"141900";"Powiat płocki";"powiatu płockiego";"powiecie płockim";"p";"140000";;"146200,142000,040800,041800,142700,142800,140400";7;155
"142000";"Powiat płoński";"powiatu płońskiego";"powiecie płońskim";"p";"140000";;"141900,142400,141300,141400,143700,142700,142800,140200";7;156
"142100";"Powiat pruszkowski";"powiatu pruszkowskiego";"powiecie pruszkowskim";"p";"140000";;"141800,146500,143200,140500";7;157
"142200";"Powiat przasnyski";"powiatu przasnyskiego";"powiecie przasnyskim";"p";"140000";;"141100,141300,281100,141500,281700,140200";7;158
"142300";"Powiat przysuski";"powiatu przysuskiego";"powiecie przysuskim";"p";"140000";;"142500,260500,100700,143000,101600,140600,140100";7;159
"142400";"Powiat pułtuski";"powiatu pułtuskiego";"powiecie pułtuskim";"p";"140000";;"142000,140800,141100,141400,143500,140200";7;160
"142500";"Powiat radomski";"powiatu radomskiego";"powiecie radomskim";"p";"140000";;"142300,146300,140700,140900,143600,261100,143000,140100";7;161
"142600";"Powiat siedlecki";"powiatu siedleckiego";"powiecie siedleckim";"p";"140000";;"141000,061100,141200,143300,146400,201000,142900,140300,060100";7;162
"142700";"Powiat sierpecki";"powiatu sierpeckiego";"powiecie sierpeckim";"p";"140000";;"141900,142000,040800,143700,041200";7;163
"142800";"Powiat sochaczewski";"powiatu sochaczewskiego";"powiecie sochaczewskim";"p";"140000";;"141900,142000,100500,141400,143200,143800,101500,140400,140500";7;164
"142900";"Powiat sokołowski";"powiatu sokołowskiego";"powiecie sokołowskim";"p";"140000";;"141600,143300,201300,142600,201000";7;165
"143000";"Powiat szydłowiecki";"powiatu szydłowieckiego";"powiecie szydłowieckim";"p";"140000";;"142300,142500,260500,261000,261100";7;166
"143200";"Powiat warszawski zachodni";"powiatu warszawski zachodniego";"powiecie warszawski zachodnim";"p";"140000";;"142100,140800,141400,146500,142800,140500";7;167
"143300";"Powiat węgrowski";"powiatu węgrowskiego";"powiecie węgrowskim";"p";"140000";;"141200,141600,143400,143500,142600,142900";7;168
"143400";"Powiat wołomiński";"powiatu wołomińskiego";"powiecie wołomińskim";"p";"140000";;"140800,141200,146500,143300,143500";7;169
"143500";"Powiat wyszkowski";"powiatu wyszkowskiego";"powiecie wyszkowskim";"p";"140000";;"142400,140800,141100,141500,141600,143300,143400";7;170
"143600";"Powiat zwoleński";"powiatu zwoleńskiego";"powiecie zwoleńskim";"p";"140000";;"061400,142500,140700,140900,061200";7;171
"143700";"Powiat żuromiński";"powiatu żuromińskiego";"powiecie żuromińskim";"p";"140000";;"142000,141300,041200,142700,280300,040200";7;172
"143800";"Powiat żyrardowski";"powiatu żyrardowskiego";"powiecie żyrardowskim";"p";"140000";;"101300,101500,142800,140500,140600";7;173
"146100";"Ostrołęka";"Ostrołęki";"Ostrołęce";"p";"140000";;"141500";7;174
"146200";"Płock";"Płocka";"Płocku";"p";"140000";;"141900";7;175
"146300";"Radom";"Radomia";"Radomiu";"p";"140000";;"142500";7;176
"146400";"Siedlce";"Siedlec";"Siedlcach";"p";"140000";;"142600";7;177
"146500";"Warszawa";"Warszawy";"Warszawie";"p";"140000";;"142100,140800,141200,141700,141800,143200,143400";7;178
"160000";"Województwo opolskie";"województwa opolskiego";"województwie opolskim";"w";"000000";"160100,160200,160300,160400,160500,160600,160700,160800,160900,161000,161100,166100";"020000,300000,240000,100000";8;
"160100";"Powiat brzeski";"powiatu brzeskiego";"powiecie brzeskim";"p";"160000";;"160600,160700,021500,160900,021700";8;179
"160200";"Powiat głubczycki";"powiatu głubczyckiego";"powiecie głubczyckim";"p";"160000";;"161000,241100,160300";8;180
"160300";"Powiat kędzierzyńsko-kozielski";"powiatu kędzierzyńsko-kozielskiego";"powiecie kędzierzyńsko-kozielskim";"p";"160000";;"161000,241100,160500,161100,240500,160200";8;181
"160400";"Powiat kluczborski";"powiatu kluczborskiego";"powiecie kluczborskim";"p";"160000";;"300800,160600,160800,160900,101800";8;182
"160500";"Powiat krapkowicki";"powiatu krapkowickiego";"powiecie krapkowickim";"p";"160000";;"161000,160300,160900,161100";8;183
"160600";"Powiat namysłowski";"powiatu namysłowskiego";"powiecie namysłowskim";"p";"160000";;"300800,160400,021400,021500,160900,160100";8;184
"160700";"Powiat nyski";"powiatu nyskiego";"powiecie nyskim";"p";"160000";;"161000,160900,022400,021700,160100";8;185
"160800";"Powiat oleski";"powiatu oleskiego";"powiecie oleskim";"p";"160000";;"160400,240600,240700,160900,101700,101800,161100";8;186
"160900";"Powiat opolski";"powiatu opolskiego";"powiecie opolskim";"p";"160000";;"161000,160400,160500,160600,160700,160800,166100,161100,160100";8;187
"161000";"Powiat prudnicki";"powiatu prudnickiego";"powiecie prudnickim";"p";"160000";;"160300,160500,160700,160900,160200";8;188
"161100";"Powiat strzelecki";"powiatu strzeleckiego";"powiecie strzeleckim";"p";"160000";;"160300,160500,240700,160800,160900,241300,240500";8;189
"166100";"Opole";"Opola";"Opolu";"p";"160000";;"160900";8;190
"180000";"Województwo podkarpackie";"województwa podkarpackiego";"województwie podkarpackim";"w";"000000";"180100,180200,180300,180400,180500,180600,180700,180800,180900,181000,181100,181200,181300,181400,181500,181600,181700,181800,181900,182000,182100,186100,186200,186300,186400";"120000,260000,060000";9;
"180100";"Powiat bieszczadzki";"powiatu bieszczadzkiego";"powiecie bieszczadzkim";"p";"180000";;"181300,182100,181700";9;191
"180200";"Powiat brzozowski";"powiatu brzozowskiego";"powiecie brzozowskim";"p";"180000";;"181300,180700,181600,181700,181900";9;192
"180300";"Powiat dębicki";"powiatu dębickiego";"powiecie dębickim";"p";"180000";;"181500,181100,181900,121600,120400,180500";9;193
"180400";"Powiat jarosławski";"powiatu jarosławskiego";"powiecie jarosławskim";"p";"180000";;"181300,181400,180900";9;194
"180500";"Powiat jasielski";"powiatu jasielskiego";"powiecie jasielskim";"p";"180000";;"180700,181900,121600,180300,120500";9;195
"180600";"Powiat kolbuszowski";"powiatu kolbuszowskiego";"powiecie kolbuszowskim";"p";"180000";;"181500,181100,181200,181600,181800,182000";9;196
"180700";"Powiat krośnieński";"powiatu krośnieńskiego";"powiecie krośnieńskim";"p";"180000";;"186100,181700,181900,180500,180200";9;197
"180800";"Powiat leżajski";"powiatu leżajskiego";"powiecie leżajskim";"p";"180000";;"181400,181000,181200,181600,060200";9;198
"180900";"Powiat lubaczowski";"powiatu lubaczowskiego";"powiecie lubaczowskim";"p";"180000";;"181400,061800,180400,060200";9;199
"181000";"Powiat łańcucki";"powiatu łańcuckiego";"powiecie łańcuckim";"p";"180000";;"181400,180800,181600";9;200
"181100";"Powiat mielecki";"powiatu mieleckiego";"powiecie mieleckim";"p";"180000";;"181500,180600,261200,182000,120400,180300";9;201
"181200";"Powiat niżański";"powiatu niżańskiego";"powiecie niżańskim";"p";"180000";;"180600,180800,181600,181800,060500,060200";9;202
"181300";"Powiat przemyski";"powiatu przemyskiego";"powiecie przemyskim";"p";"180000";;"186200,181400,181600,181700,180400,180100,180200";9;203
"181400";"Powiat przeworski";"powiatu przeworskiego";"powiecie przeworskim";"p";"180000";;"181300,180800,180900,181000,181600,180400,060200";9;204
"181500";"Powiat ropczycko-sędziszowski";"powiatu ropczycko-sędziszowskiego";"powiecie ropczycko-sędziszowskim";"p";"180000";;"180600,181100,181600,181900,180300";9;205
"181600";"Powiat rzeszowski";"powiatu rzeszowskiego";"powiecie rzeszowskim";"p";"180000";;"181300,181400,181500,180600,180800,181000,181200,186300,181900,180200";9;206
"181700";"Powiat sanocki";"powiatu sanockiego";"powiecie sanockim";"p";"180000";;"181300,180700,182100,180100,180200";9;207
"181800";"Powiat stalowowolski";"powiatu stalowowolskiego";"powiecie stalowowolskim";"p";"180000";;"180600,060700,181200,260900,182000,060500";9;208
"181900";"Powiat strzyżowski";"powiatu strzyżowskiego";"powiecie strzyżowskim";"p";"180000";;"181500,180700,181600,180300,180500,180200";9;209
"182000";"Powiat tarnobrzeski";"powiatu tarnobrzeskiego";"powiecie tarnobrzeskim";"p";"180000";;"180600,181100,260900,181800,261200,186400";9;210
"182100";"Powiat leski";"powiatu leskiego";"powiecie leskim";"p";"180000";;"181700,180100";9;211
"186100";"Krosno";"Krosna";"Krośnie";"p";"180000";;"180700";9;212
"186200";"Przemyśl";"Przemyśla";"Przemyślu";"p";"180000";;"181300";9;213
"186300";"Rzeszów";"Rzeszowa";"Rzeszowie";"p";"180000";;"181600";9;214
"186400";"Tarnobrzeg";"Tarnobrzegu";"Tarnobrzegu";"p";"180000";;"260900,182000";9;215
"200000";"Województwo podlaskie";"województwa podlaskiego";"województwie podlaskim";"w";"000000";"200100,200200,200300,200400,200500,200600,200700,200800,200900,201000,201100,201200,201300,201400,206100,206200,206300";"280000,140000,060000";10;
"200100";"Powiat augustowski";"powiatu augustowskiego";"powiecie augustowskim";"p";"200000";;"200800,200900,201100,201200,280500,200400";10;216
"200200";"Powiat białostocki";"powiatu białostockiego";"powiecie białostockim";"p";"200000";;"200700,200800,201300,201400,201100,200500,206100,200300";10;217
"200300";"Powiat bielski";"powiatu bielskiego";"powiecie bielskim";"p";"200000";;"201300,201000,200500,200200";10;218
"200400";"Powiat grajewski";"powiatu grajewskiego";"powiecie grajewskim";"p";"200000";;"281600,200600,200700,200800,280500,200100";10;219
"200500";"Powiat hajnowski";"powiatu hajnowskiego";"powiecie hajnowskim";"p";"200000";;"201000,200200,200300";10;220
"200600";"Powiat kolneński";"powiatu kolneńskiego";"powiecie kolneńskim";"p";"200000";;"281600,200700,141500,200400";10;221
"200700";"Powiat łomżyński";"powiatu łomżyńskiego";"powiecie łomżyńskim";"p";"200000";;"200600,206200,200800,141500,141600,201400,200400,200200";10;222
"200800";"Powiat moniecki";"powiatu monieckiego";"powiecie monieckim";"p";"200000";;"200700,201100,200400,200100,200200";10;223
"200900";"Powiat sejneński";"powiatu sejneńskiego";"powiecie sejneńskim";"p";"200000";;"201200,200100";10;224
"201000";"Powiat siemiatycki";"powiatu siemiatyckiego";"powiecie siemiatyckim";"p";"200000";;"141000,201300,142600,142900,200500,060100,200300";10;225
"201100";"Powiat sokólski";"powiatu sokólskiego";"powiecie sokólskim";"p";"200000";;"200800,200100,200200";10;226
"201200";"Powiat suwalski";"powiatu suwalskiego";"powiecie suwalskim";"p";"200000";;"281300,200900,206300,280500,281800,200100";10;227
"201300";"Powiat wysokomazowiecki";"powiatu wysokomazowieckiego";"powiecie wysokomazowieckim";"p";"200000";;"141600,201400,201000,142900,200200,200300";10;228
"201400";"Powiat zambrowski";"powiatu zambrowskiego";"powiecie zambrowskim";"p";"200000";;"200700,141600,201300,200200";10;229
"206100";"Białystok";"Białegostoku";"Białymstoku";"p";"200000";;"200200";10;230
"206200";"Łomża";"Łomży";"Łomży";"p";"200000";;"200700";10;231
"206300";"Suwałki";"Suwałk";"Suwałkach";"p";"200000";;"201200";10;232
"220000";"Województwo pomorskie";"województwa pomorskiego";"województwie pomorskim";"w";"000000";"220100,220200,220300,220400,220500,220600,220700,220800,220900,221000,221100,221200,221300,221400,221500,221600,226100,226200,226300,226400";"320000,300000,040000,280000";11;
"220100";"Powiat bytowski";"powiatu bytowskiego";"powiecie bytowskim";"p";"220000";;"320900,220600,220800,221200,321500,220300,220500,220200";11;233
"220200";"Powiat chojnicki";"powiatu chojnickiego";"powiecie chojnickim";"p";"220000";;"220600,041600,041300,221300,220300,220100";11;234
"220300";"Powiat człuchowski";"powiatu człuchowskiego";"powiecie człuchowskim";"p";"220000";;"303100,041300,321500,220100,220200";11;235
"220400";"Powiat gdański";"powiatu gdańskiego";"powiecie gdańskim";"p";"220000";;"220600,220900,221000,221300,221400,226100,220500";11;236
"220500";"Powiat kartuski";"powiatu kartuskiego";"powiecie kartuskim";"p";"220000";;"220600,220800,221500,226100,220400,226200,220100";11;237
"220600";"Powiat kościerski";"powiatu kościerskiego";"powiecie kościerskim";"p";"220000";;"221300,220400,220500,220100,220200";11;238
"220700";"Powiat kwidzyński";"powiatu kwidzyńskiego";"powiecie kwidzyńskim";"p";"220000";;"221600,041400,221400,040600,280700";11;239
"220800";"Powiat lęborski";"powiatu lęborskiego";"powiecie lęborskim";"p";"220000";;"221500,221200,220500,220100";11;240
"220900";"Powiat malborski";"powiatu malborskiego";"powiecie malborskim";"p";"220000";;"221000,221600,221400,280400,220400";11;241
"221000";"Powiat nowodworski";"powiatu nowodworskiego";"powiecie nowodworskim";"p";"220000";;"220900,280400,226100,220400,280200";11;242
"221100";"Powiat pucki";"powiatu puckiego";"powiecie puckim";"p";"220000";;"221500,226200";11;243
"221200";"Powiat słupski";"powiatu słupskiego";"powiecie słupskim";"p";"220000";;"320900,220800,321300,226300,220100";11;244
"221300";"Powiat starogardzki";"powiatu starogardzkiego";"powiecie starogardzkim";"p";"220000";;"220600,041600,041400,221400,220400,220200";11;245
"221400";"Powiat tczewski";"powiatu tczewskiego";"powiecie tczewskim";"p";"220000";;"220700,220900,221300,221600,041400,220400";11;246
"221500";"Powiat wejherowski";"powiatu wejherowskiego";"powiecie wejherowskim";"p";"220000";;"221100,220800,226200,220500";11;247
"221600";"Powiat sztumski";"powiatu sztumskiego";"powiecie sztumskim";"p";"220000";;"220700,220900,281500,221400,280400,280700";11;248
"226100";"Gdańsk";"Gdańska";"Gdańsku";"p";"220000";;"221000,226400,220400,226200,220500";11;249
"226200";"Gdynia";"Gdyni";"Gdyni";"p";"220000";;"221100,221500,226400,226100,220500";11;250
"226300";"Słupsk";"Słupska";"Słupsku";"p";"220000";;"221200";11;251
"226400";"Sopot";"Sopotu";"Sopocie";"p";"220000";;"226100,226200";11;252
"240000";"Województwo śląskie";"województwa śląskiego";"województwie śląskim";"w";"000000";"240100,240200,240300,240400,240500,240600,240700,240800,240900,241000,241100,241200,241300,241400,241500,241600,241700,246100,246200,246300,246400,246500,246600,246700,246800,246900,247000,247100,247200,247300,247400,247500,247600,247700,247800,247900";"160000,100000,120000,260000";12;
"240100";"Powiat będziński";"powiatu będzińskiego";"powiecie będzińskim";"p";"240000";;"247100,240900,121200,241600,247400,247500,241300,246500,246800,246900";12;253
"240200";"Powiat bielski";"powiatu bielskiego";"powiecie bielskim";"p";"240000";;"241000,121300,121800,241700,246100,240300";12;254
"240300";"Powiat cieszyński";"powiatu cieszyńskiego";"powiecie cieszyńskim";"p";"240000";;"241000,241700,246700,240200,246100";12;255
"240400";"Powiat częstochowski";"powiatu częstochowskiego";"powiecie częstochowskim";"p";"240000";;"101200,240600,240700,240900,100900,261300,241600,246400";12;256
"240500";"Powiat gliwicki";"powiatu gliwickiego";"powiecie gliwickim";"p";"240000";;"241100,247200,241200,247300,160300,240800,247800,161100,241300,246600";12;257
"240600";"Powiat kłobucki";"powiatu kłobuckiego";"powiecie kłobuckim";"p";"240000";;"240700,160800,100900,101700,246400,240400";12;258
"240700";"Powiat lubliniecki";"powiatu lublinieckiego";"powiecie lublinieckim";"p";"240000";;"240600,240900,160800,161100,241300,240400";12;259
"240800";"Powiat mikołowski";"powiatu mikołowskiego";"powiecie mikołowskim";"p";"240000";;"241000,247200,241200,247700,247900,240500,246900";12;260
"240900";"Powiat myszkowski";"powiatu myszkowskiego";"powiecie myszkowskim";"p";"240000";;"240700,241600,241300,240400,240100";12;261
"241000";"Powiat pszczyński";"powiatu pszczyńskiego";"powiecie pszczyńskim";"p";"240000";;"240800,121300,247700,247900,246700,240200,241400,240300";12;262
"241100";"Powiat raciborski";"powiatu raciborskiego";"powiecie raciborskim";"p";"240000";;"241200,247300,160300,241500,240500,160200";12;263
"241200";"Powiat rybnicki";"powiatu rybnickiego";"powiecie rybnickim";"p";"240000";;"241100,247300,240800,241500,247900,240500,246700";12;264
"241300";"Powiat tarnogórski";"powiatu tarnogórskiego";"powiecie tarnogórskim";"p";"240000";;"247100,240700,240900,247800,161100,246600,240500,240100,246200";12;265
"241400";"Powiat bieruńsko-lędziński";"powiatu bieruńsko-lędzińskiego";"powiecie bieruńsko-lędzińskim";"p";"240000";;"241000,247000,121300,247700,246800,246900";12;266
"241500";"Powiat wodzisławski";"powiatu wodzisławskiego";"powiecie wodzisławskim";"p";"240000";;"241100,241200,247300,246700";12;267
"241600";"Powiat zawierciański";"powiatu zawierciańskiego";"powiecie zawierciańskim";"p";"240000";;"120800,240900,121200,261300,240400,246500,260200,240100";12;268
"241700";"Powiat żywiecki";"powiatu żywieckiego";"powiecie żywieckim";"p";"240000";;"121800,121500,240200,240300";12;269
"246100";"Bielsko-Biała";"Bielsko-Białej";"Bielsko-Białej";"p";"240000";;"240200,240300";12;270
"246200";"Bytom";"Bytomia";"Bytomiu";"p";"240000";;"247100,247200,247800,247600,241300,246300";12;271
"246300";"Chorzów";"Chorzowa";"Chorzowie";"p";"240000";;"247100,247200,247400,247600,246900,246200";12;272
"246400";"Częstochowa";"Częstochowy";"Częstochowie";"p";"240000";;"240600,240400";12;273
"246500";"Dąbrowa Górnicza";"Dąbrowy Górniczej";"Dąbrowie Górniczej";"p";"240000";;"121200,241600,247500,240100";12;274
"246600";"Gliwice";"Gliwic";"Gliwicach";"p";"240000";;"247800,241300,240500";12;275
"246700";"Jastrzębie-Zdrój";"Jastrzębia-Zdroju";"Jastrzębiu-Zdroju";"p";"240000";;"241000,241200,241500,247900,240300";12;276
"246800";"Jaworzno";"Jaworzna";"Jaworznie";"p";"240000";;"247000,121200,121300,247500,240100,241400,120300";12;277
"246900";"Katowice";"Katowic";"Katowicach";"p";"240000";;"247200,240800,247000,247700,247400,247500,240100,241400,246300";12;278
"247000";"Mysłowice";"Mysłowic";"Mysłowicach";"p";"240000";;"247500,246800,246900,241400";12;279
"247100";"Piekary Śląskie";"Piekar Śląskich";"Piekarach Śląskich";"p";"240000";;"247400,241300,240100,246200,246300";12;280
"247200";"Ruda Śląska";"Rudy Śląskiej";"Rudzie Śląskiej";"p";"240000";;"240800,247800,247600,240500,246900,246200,246300";12;281
"247300";"Rybnik";"Rybnika";"Rybniku";"p";"240000";;"241100,241200,241500,247900,240500";12;282
"247400";"Siemianowice Śląskie";"Siemianowic Śląskich";"Siemianowicach Śląskich";"p";"240000";;"247100,246900,240100,246300";12;283
"247500";"Sosnowiec";"Sosnowca";"Sosnowcu";"p";"240000";;"247000,246500,246800,246900,240100";12;284
"247600";"Świętochłowice";"Świętochłowic";"Świętochłowicach";"p";"240000";;"247200,246200,246300";12;285
"247700";"Tychy";"Tych";"Tychach";"p";"240000";;"241000,240800,246900,241400";12;286
"247800";"Zabrze";"Zabrza";"Zabrzu";"p";"240000";;"247200,241300,246600,240500,246200";12;287
"247900";"Żory";"Żorów";"Żorach";"p";"240000";;"241000,241200,247300,240800,246700";12;288
"260000";"Województwo świętokrzyskie";"województwa świętokrzyskiego";"województwie świętokrzyskim";"w";"000000";"260100,260200,260300,260400,260500,260600,260700,260800,260900,261000,261100,261200,261300,266100";"240000,100000,120000,140000,180000,060000";13;
"260100";"Powiat buski";"powiatu buskiego";"powiecie buskim";"p";"260000";;"260800,260300,260400,261200,120400";13;289
"260200";"Powiat jędrzejowski";"powiatu jędrzejowskiego";"powiecie jędrzejowskim";"p";"260000";;"260800,260400,120800,261300,241600";13;290
"260300";"Powiat kazimierski";"powiatu kazimierskiego";"powiecie kazimierskim";"p";"260000";;"260800,121400,120800,121600,120400,260100";13;291
"260400";"Powiat kielecki";"powiatu kieleckiego";"powiecie kieleckim";"p";"260000";;"260800,266100,260500,260600,260700,261300,261000,261100,261200,260200,260100";13;292
"260500";"Powiat konecki";"powiatu koneckiego";"powiecie koneckim";"p";"260000";;"142300,101200,260400,100700,261300,261000,143000";13;293
"260600";"Powiat opatowski";"powiatu opatowskiego";"powiecie opatowskim";"p";"260000";;"260400,060700,140900,061200,260700,260900,261200";13;294
"260700";"Powiat ostrowiecki";"powiatu ostrowieckiego";"powiecie ostrowieckim";"p";"260000";;"260400,140900,260600,261100";13;295
"260800";"Powiat pińczowski";"powiatu pińczowskiego";"powiecie pińczowskim";"p";"260000";;"260300,260400,120800,260200,260100";13;296
"260900";"Powiat sandomierski";"powiatu sandomierskiego";"powiecie sandomierskim";"p";"260000";;"060700,260600,181800,261200,186400,182000";13;297
"261000";"Powiat skarżyski";"powiatu skarżyskiego";"powiecie skarżyskim";"p";"260000";;"260400,260500,261100,143000";13;298
"261100";"Powiat starachowicki";"powiatu starachowickiego";"powiecie starachowickim";"p";"260000";;"142500,260400,140900,260700,261000,143000";13;299
"261200";"Powiat staszowski";"powiatu staszowskiego";"powiecie staszowskim";"p";"260000";;"260400,181100,260600,260900,182000,120400,260100";13;300
"261300";"Powiat włoszczowski";"powiatu włoszczowskiego";"powiecie włoszczowskim";"p";"260000";;"101200,260400,260500,241600,240400,260200";13;301
"266100";"Kielce";"Kielc";"Kielcach";"p";"260000";;"260400";13;302
"280000";"Województwo warmińsko-mazurskie";"województwa warmińsko-mazurskiego";"województwie warmińsko-mazurskim";"w";"000000";"280100,280200,280300,280400,280500,280600,280700,280800,280900,281000,281100,281200,281300,281400,281500,281600,281700,281800,281900,286100,286200";"220000,040000,140000,200000";14;
"280100";"Powiat bartoszycki";"powiatu bartoszyckiego";"powiecie bartoszyckim";"p";"280000";;"280800,280900,281400,280200";14;303
"280200";"Powiat braniewski";"powiatu braniewskiego";"powiecie braniewskim";"p";"280000";;"280900,221000,280400,280100";14;304
"280300";"Powiat działdowski";"powiatu działdowskiego";"powiecie działdowskim";"p";"280000";;"141300,281100,281200,281500,143700,280700,040200";14;305
"280400";"Powiat elbląski";"powiatu elbląskiego";"powiecie elbląskim";"p";"280000";;"280900,220900,221000,281500,221600,286100,280200";14;306
"280500";"Powiat ełcki";"powiatu ełckiego";"powiecie ełckim";"p";"280000";;"281600,281300,201200,280600,200400,200100";14;307
"280600";"Powiat giżycki";"powiatu giżyckiego";"powiecie giżyckim";"p";"280000";;"281600,280800,281000,281300,281900,280500,281800";14;308
"280700";"Powiat iławski";"powiatu iławskiego";"powiecie iławskim";"p";"280000";;"220700,281200,281500,221600,280300,040600";14;309
"280800";"Powiat kętrzyński";"powiatu kętrzyńskiego";"powiecie kętrzyńskim";"p";"280000";;"281000,281400,281900,280600,280100";14;310
"280900";"Powiat lidzbarski";"powiatu lidzbarskiego";"powiecie lidzbarskim";"p";"280000";;"281400,281500,280400,280100,280200";14;311
"281000";"Powiat mrągowski";"powiatu mrągowskiego";"powiecie mrągowskim";"p";"280000";;"281600,280800,281400,281700,280600";14;312
"281100";"Powiat nidzicki";"powiatu nidzickiego";"powiecie nidzickim";"p";"280000";;"142200,141300,281400,281500,281700,280300";14;313
"281200";"Powiat nowomiejski";"powiatu nowomiejskiego";"powiecie nowomiejskim";"p";"280000";;"280300,040600,280700,040200";14;314
"281300";"Powiat olecki";"powiatu oleckiego";"powiecie oleckim";"p";"280000";;"201200,280500,280600,281800";14;315
"281400";"Powiat olsztyński";"powiatu olsztyńskiego";"powiecie olsztyńskim";"p";"280000";;"280800,280900,281000,281100,286200,281500,281700,280100";14;316
"281500";"Powiat ostródzki";"powiatu ostródzkiego";"powiecie ostródzkim";"p";"280000";;"280900,281100,281400,221600,280300,280400,280700";14;317
"281600";"Powiat piski";"powiatu piskiego";"powiecie piskim";"p";"280000";;"200600,281000,141500,281700,280500,280600,200400";14;318
"281700";"Powiat szczycieński";"powiatu szczycieńskiego";"powiecie szczycieńskim";"p";"280000";;"281600,142200,281000,281100,281400,141500";14;319
"281800";"Powiat gołdapski";"powiatu gołdapskiego";"powiecie gołdapskim";"p";"280000";;"281300,281900,201200,280600";14;320
"281900";"Powiat węgorzewski";"powiatu węgorzewskiego";"powiecie węgorzewskim";"p";"280000";;"280800,280600,281800";14;321
"286100";"Elbląg";"Elbląga";"Elblągu";"p";"280000";;"280400";14;322
"286200";"Olsztyn";"Olsztyna";"Olsztynie";"p";"280000";;"281400";14;323
"300000";"Województwo wielkopolskie";"województwa wielkopolskiego";"województwie wielkopolskim";"w";"000000";"300100,300200,300300,300400,300500,300600,300700,300800,300900,301000,301100,301200,301300,301400,301500,301600,301700,301800,301900,302000,302100,302200,302300,302400,302500,302600,302700,302800,302900,303000,303100,306100,306200,306300,306400";"320000,080000,020000,220000,160000,040000,100000";15;
"300100";"Powiat chodzieski";"powiatu chodzieskiego";"powiecie chodzieskim";"p";"300000";;"301900,301600,302800,300200";15;324
"300200";"Powiat czarnkowsko-trzcianecki";"powiatu czarnkowsko-trzcianeckiego";"powiecie czarnkowsko-trzcianeckim";"p";"300000";;"301900,301400,301600,321700,080600,302400,300100";15;325
"300300";"Powiat gnieźnieński";"powiatu gnieźnieńskiego";"powiecie gnieźnieńskim";"p";"300000";;"302100,040900,302800,303000,041900,302300";15;326
"300400";"Powiat gostyński";"powiatu gostyńskiego";"powiecie gostyńskim";"p";"300000";;"302200,301100,301200,301300,302600,300600";15;327
"300500";"Powiat grodziski";"powiatu grodziskiego";"powiecie grodziskim";"p";"300000";;"302100,301100,301500,302900";15;328
"300600";"Powiat jarociński";"powiatu jarocińskiego";"powiecie jarocińskim";"p";"300000";;"302000,301200,303000,302500,302600,300400";15;329
"300700";"Powiat kaliski";"powiatu kaliskiego";"powiecie kaliskim";"p";"300000";;"302000,301000,301700,301800,302700,101400,306100";15;330
"300800";"Powiat kępiński";"powiatu kępińskiego";"powiecie kępińskim";"p";"300000";;"160400,160600,021400,301800,101800";15;331
"300900";"Powiat kolski";"powiatu kolskiego";"powiecie kolskim";"p";"300000";;"101100,041100,301000,100200,100400,302700,041800";15;332
"301000";"Powiat koniński";"powiatu konińskiego";"powiecie konińskim";"p";"300000";;"302000,041100,300900,306200,040900,302700,302300,040700,300700";15;333
"301100";"Powiat kościański";"powiatu kościańskiego";"powiecie kościańskim";"p";"300000";;"302100,301300,302900,302600,300400,300500";15;334
"301200";"Powiat krotoszyński";"powiatu krotoszyńskiego";"powiecie krotoszyńskim";"p";"300000";;"302000,302200,021300,301700,300400,300600";15;335
"301300";"Powiat leszczyński";"powiatu leszczyńskiego";"powiecie leszczyńskim";"p";"300000";;"302200,301100,306300,302900,081200,300400,020400";15;336
"301400";"Powiat międzychodzki";"powiatu międzychodzkiego";"powiecie międzychodzkim";"p";"300000";;"080300,301500,080600,302400,300200";15;337
"301500";"Powiat nowotomyski";"powiatu nowotomyskiego";"powiecie nowotomyskim";"p";"300000";;"302100,301400,080300,302900,080900,302400,080800,300500";15;338
"301600";"Powiat obornicki";"powiatu obornickiego";"powiecie obornickim";"p";"300000";;"302100,302800,302400,300200,300100";15;339
"301700";"Powiat ostrowski";"powiatu ostrowskiego";"powiecie ostrowskim";"p";"300000";;"302000,301200,021300,021400,301800,300700,306100";15;340
"301800";"Powiat ostrzeszowski";"powiatu ostrzeszowskiego";"powiecie ostrzeszowskim";"p";"300000";;"300800,021400,301700,101800,101400,300700";15;341
"301900";"Powiat pilski";"powiatu pilskiego";"powiecie pilskim";"p";"300000";;"041000,321700,302800,303100,041300,300200,300100";15;342
"302000";"Powiat pleszewski";"powiatu pleszewskiego";"powiecie pleszewskim";"p";"300000";;"301000,301200,301700,303000,302300,300600,300700,306100";15;343
"302100";"Powiat poznański";"powiatu poznańskiego";"powiecie poznańskim";"p";"300000";;"306400,301100,301500,301600,302800,303000,302400,302500,302600,300300,300500";15;344
"302200";"Powiat rawicki";"powiatu rawickiego";"powiecie rawickim";"p";"300000";;"301200,301300,021300,022000,300400,020400";15;345
"302300";"Powiat słupecki";"powiatu słupeckiego";"powiecie słupeckim";"p";"300000";;"302000,301000,040900,303000,300300";15;346
"302400";"Powiat szamotulski";"powiatu szamotulskiego";"powiecie szamotulskim";"p";"300000";;"302100,301400,301500,301600,300200";15;347
"302500";"Powiat średzki";"powiatu średzkiego";"powiecie średzkim";"p";"300000";;"302100,303000,302600,300600";15;348
"302600";"Powiat śremski";"powiatu śremskiego";"powiecie śremskim";"p";"300000";;"302100,301100,302500,300400,300600";15;349
"302700";"Powiat turecki";"powiatu tureckiego";"powiecie tureckim";"p";"300000";;"101100,300900,301000,101400,300700";15;350
"302800";"Powiat wągrowiecki";"powiatu wągrowieckiego";"powiecie wągrowieckim";"p";"300000";;"301900,302100,041000,301600,041900,300300,300100";15;351
"302900";"Powiat wolsztyński";"powiatu wolsztyńskiego";"powiecie wolsztyńskim";"p";"300000";;"301100,301300,080400,301500,081200,080900,300500";15;352
"303000";"Powiat wrzesiński";"powiatu wrzesińskiego";"powiecie wrzesińskim";"p";"300000";;"302000,302100,302300,302500,300300,300600";15;353
"303100";"Powiat złotowski";"powiatu złotowskiego";"powiecie złotowskim";"p";"300000";;"301900,321700,041300,321500,220300,320300";15;354
"306100";"Kalisz";"Kalisza";"Kaliszu";"p";"300000";;"302000,301700,300700";15;355
"306200";"Konin";"Konina";"Koninie";"p";"300000";;"301000";15;356
"306300";"Leszno";"Leszna";"Lesznie";"p";"300000";;"301300";15;357
"306400";"Poznań";"Poznania";"Poznaniu";"p";"300000";;"302100";15;358
"320000";"Województwo zachodniopomorskie";"województwa zachodniopomorskiego";"województwie zachodniopomorskim";"w";"000000";"320100,320200,320300,320400,320500,320600,320700,320800,320900,321000,321100,321200,321300,321400,321500,321600,321700,321800,326100,326200,326300";"080000,300000,220000";16;
"320100";"Powiat białogardzki";"powiatu białogardzkiego";"powiecie białogardzkim";"p";"320000";;"320800,320900,321500,321600";16;359
"320200";"Powiat choszczeński";"powiatu choszczeńskiego";"powiecie choszczeńskim";"p";"320000";;"321000,321700,321400,080600,320300";16;360
"320300";"Powiat drawski";"powiatu drawskiego";"powiecie drawskim";"p";"320000";;"321800,321700,303100,321400,321500,321600,320200";16;361
"320400";"Powiat goleniowski";"powiatu goleniowskiego";"powiecie goleniowskim";"p";"320000";;"321100,321800,321400,326200,326300,320500,320700";16;362
"320500";"Powiat gryficki";"powiatu gryfickiego";"powiecie gryfickim";"p";"320000";;"320800,321800,320400,320700";16;363
"320600";"Powiat gryfiński";"powiatu gryfińskiego";"powiecie gryfińskim";"p";"320000";;"321100,321200,321000,321400,326200";16;364
"320700";"Powiat kamieński";"powiatu kamieńskiego";"powiecie kamieńskim";"p";"320000";;"326300,320400,320500";16;365
"320800";"Powiat kołobrzeski";"powiatu kołobrzeskiego";"powiecie kołobrzeskim";"p";"320000";;"320900,321800,321600,320500,320100";16;366
"320900";"Powiat koszaliński";"powiatu koszalińskiego";"powiecie koszalińskim";"p";"320000";;"320800,326100,321300,221200,321500,320100,220100";16;367
"321000";"Powiat myśliborski";"powiatu myśliborskiego";"powiecie myśliborskim";"p";"320000";;"321200,321400,080600,080100,320600,320200";16;368
"321100";"Powiat policki";"powiatu polickiego";"powiecie polickim";"p";"320000";;"326200,326300,320400,320600";16;369
"321200";"Powiat pyrzycki";"powiatu pyrzyckiego";"powiecie pyrzyckim";"p";"320000";;"321000,321400,320600";16;370
"321300";"Powiat sławieński";"powiatu sławieńskiego";"powiecie sławieńskim";"p";"320000";;"320900,221200";16;371
"321400";"Powiat stargardzki";"powiatu stargardzkiego";"powiecie stargardzkim";"p";"320000";;"321200,321800,321000,326200,320300,320400,320600,320200";16;372
"321500";"Powiat szczecinecki";"powiatu szczecineckiego";"powiecie szczecineckim";"p";"320000";;"320900,303100,321600,220300,320300,320100,220100";16;373
"321600";"Powiat świdwiński";"powiatu świdwińskiego";"powiecie świdwińskim";"p";"320000";;"320800,321800,321500,320300,320100";16;374
"321700";"Powiat wałecki";"powiatu wałeckiego";"powiecie wałeckim";"p";"320000";;"301900,303100,080600,300200,320300,320200";16;375
"321800";"Powiat łobeski";"powiatu łobeskiego";"powiecie łobeskim";"p";"320000";;"320800,321400,321600,320300,320400,320500";16;376
"326100";"Koszalin";"Koszalina";"Koszalinie";"p";"320000";;"320900";16;377
"326200";"Szczecin";"Szczecina";"Szczecinie";"p";"320000";;"321100,321400,320400,320600";16;378
"326300";"Świnoujście";"Świnoujścia";"Świnoujściu";"p";"320000";;"321100,320400,320700";16;379
